Date,Ptf_rdt,Ptf_rdt_cum,Ptf_value,roll_vol,vol_ewma,"VaR Norm(95%, 1Y)"
2022-01-03,0.005315073451713428,1.0053150734517133,1507753.060423994,,,
2022-01-04,-0.0071983136960195706,0.998078500189671,1496899.7809189286,,,
2022-01-05,-0.009117629628545919,0.988978390084727,1483251.6031254584,,,
2022-01-06,-0.00465800957232897,0.9843717192768858,1476342.6029599276,,,
2022-01-07,-0.00791805367727911,0.9765774111652559,1464652.8429836368,,,
2022-01-10,0.0027492263012941155,0.979262243469281,1468679.5051018326,,,
2022-01-11,0.005585096261490204,0.9847315173642999,1476882.2215151042,,,
2022-01-12,-0.004149236545329353,0.9806456333651142,1470754.2878284464,,,
2022-01-13,-0.007371759598203933,0.9734165495049182,1459912.2407905476,,,
2022-01-14,0.0010463229144255192,0.9744350575459462,1461439.7804211369,,,
2022-01-17,-0.008704894861573522,0.9659527028205773,1448718.1007860499,,,
2022-01-18,0.0012093070101837841,0.9671208361956042,1450470.0457411103,,,
2022-01-19,-0.0009527158086220397,0.9661994448861129,1449088.1599986001,,,
2022-01-20,-0.013886358695894224,0.9527824528226504,1428965.602026886,,,
2022-01-21,-0.014817396223314764,0.9386646977045554,1407792.052512166,,,
2022-01-24,-0.005505043518262213,0.9334973076946353,1400042.095998423,,,
2022-01-25,0.010933146295376044,0.9437033703260005,1415348.9610536587,,,
2022-01-26,0.00033150762171033353,0.9440162151858973,1415818.1600216278,,,
2022-01-27,-0.002929172226625262,0.9412510291068908,1411670.9847893408,,,
2022-01-28,0.012747753238845395,0.9532498649617548,1429666.6181578732,,,
2022-01-31,0.007049865639452467,0.9599701484305613,1439745.5757250963,,,
2022-02-01,0.005294439436522531,0.9650526522422965,1447368.2214797742,,,
2022-02-02,-0.018015408145689023,0.9476668348300719,1421293.2922327162,,,
2022-02-03,-0.0044714229252854005,0.9434294156192801,1414938.0888222724,,,
2022-02-04,0.00022423807069233814,0.9436409684112729,1415255.371809459,,,
2022-02-07,-0.0027845801916728547,0.9410133244625839,1411314.4797349598,,,
2022-02-08,0.014645732640465781,0.9547951540237789,1431984.2142767762,,,
2022-02-09,-0.005879354711238842,0.9491815746367013,1423565.0711401487,,,
2022-02-10,-0.006134320214241249,0.9433589909164221,1414832.467147966,,,
2022-02-11,-0.010844404778941217,0.9331288241670709,1399489.4511798252,,,
2022-02-14,0.008459687719474949,0.9410228026215651,1411328.694903506,,,
2022-02-15,-1.1758129564538953e-05,0.9410117379535287,1411312.100317853,,,
2022-02-16,-0.006736181349267272,0.9346729122348846,1401805.2460696967,,,
2022-02-17,-0.0031796881245842244,0.9317009438754807,1397347.942575789,,,
2022-02-18,-0.00825574995109028,0.9240090538536501,1385811.787367213,,,
2022-02-21,-0.001967231436004846,0.9221913141957561,1383085.5748547183,,,
2022-02-22,-0.006162949744983102,0.9165078954711077,1374561.6879638776,,,
2022-02-23,-0.014370417327327537,0.9033372945293972,1354808.6628656809,,,
2022-02-24,0.015908289160924755,0.9177078454206183,1376361.350832274,,,
2022-02-25,0.0006605990219481137,0.9183140823257373,1377270.5737944809,,,
2022-02-28,-0.0009345992655489953,0.9174558266588524,1375983.3777277505,,,
2022-03-01,-0.00023815568008210618,0.9172373293425091,1375655.679470646,,,
2022-03-02,-0.0009510043287993971,0.916365032671768,1374347.424964532,,,
2022-03-03,-0.015547153091133963,0.902118165221458,1352980.2351482026,,,
2022-03-04,-0.01326931020677367,0.890147679443969,1335027.1207043875,,,
2022-03-07,-0.007944210306399545,0.8830761590747126,1324421.3844927647,,,
2022-03-08,0.012817318235507368,0.8943948272317627,1341396.9148557198,,,
2022-03-09,0.00931314486602616,0.9027244558251966,1353889.5386466116,,,
2022-03-10,-0.0012248128491431488,0.9016187873124661,1352231.2773433567,,,
2022-03-11,0.0010470727015036876,0.9025628477318239,1353647.1617999827,,,
2022-03-14,-0.00029638541467383664,0.9022953412679298,1353245.9605246105,,,
2022-03-15,0.020996512993792252,0.9212403971251002,1381659.4069185625,,,
2022-03-16,0.002492605122714629,0.9235366856582258,1385103.3382340944,,,
2022-03-17,0.010819636588446344,0.9335290169731459,1400089.6529912313,,,
2022-03-18,0.0016128425800819323,0.9350346523214622,1402347.7771995075,,,
2022-03-21,0.004837252588294467,0.9395576511135493,1409131.287614455,,,
2022-03-22,-0.004643617672620949,0.9351947046003921,1402587.8206642452,,,
2022-03-23,-0.00018077790222617205,0.9350256420635215,1402334.2637803375,,,
2022-03-24,0.002885029113431273,0.9377232182626795,1406380.038958106,,,
2022-03-25,0.002713267633654666,0.9402675123201182,1410195.9243984292,,,
2022-03-28,0.008589044813791852,0.9483435121203881,1422308.1603893137,,,
2022-03-29,-0.004143628466009022,0.9444139289480111,1416414.6438084878,,,
2022-03-30,-0.0021629033910366743,0.9423712528585473,1413351.0757722803,,,
2022-03-31,0.0008613720531372044,0.9431829851194395,1414568.4968902222,,,
2022-04-01,0.007888324145504168,0.9506231182345859,1425727.0717197107,,,
2022-04-04,0.00013273135531564244,0.9507492957294635,1425916.3104062502,,,
2022-04-05,-0.014380787357746824,0.9370767722770506,1405410.511156355,,,
2022-04-06,0.001819770586731668,0.9387820370247498,1407968.035866841,,,
2022-04-07,-0.0004803287173832817,0.9383311130530033,1407291.7483860564,,,
2022-04-08,-0.0049139152090941565,0.9337202335254059,1400376.4360600295,,,
2022-04-11,-0.001934526087641358,0.9319139273750925,1397667.3713119533,,,
2022-04-12,0.001217317044730577,0.9330483620831079,1399368.775625915,,,
2022-04-13,0.0030376288683924284,0.9358826167233778,1403619.538616283,,,
2022-04-14,0.0,0.9358826167233778,1403619.538616283,,,
2022-04-15,0.0,0.9358826167233778,1403619.538616283,,,
2022-04-18,-0.004264769428725815,0.9318912931507001,1397633.4249184302,,,
2022-04-19,0.002467530248659929,0.9341907631050121,1401082.1276709544,,,
2022-04-20,0.00043077618133485567,0.9345931902345809,1401685.6804796492,,,
2022-04-21,-0.01321111770408245,0.9222461695929579,1383167.8459707056,,,
2022-04-22,-0.007806368955760105,0.9150467757250788,1372370.3274373144,,,
2022-04-25,-0.0016236109118326358,0.9135610957951743,1370142.1319986118,,,
2022-04-26,0.00036004306160817884,0.9138900171290706,1370635.442166655,,,
2022-04-27,0.005687345125387348,0.9190876250631298,1378430.7189673448,,,
2022-04-28,-0.00025683940101892816,0.9188515671480246,1378076.683647139,,,
2022-04-29,-0.007417289258050532,0.9120361792892747,1367855.0902647532,,,
2022-05-02,-0.0011996028459708603,0.9109420980929709,1366214.207405596,,,
2022-05-03,0.0016810146775261864,0.9124734051302417,1368510.8335408894,,,
2022-05-04,-0.005244162432019243,0.907688246378841,1361334.1404398233,,,
2022-05-05,-0.02373393533430268,0.8861452322355791,1329024.323982246,,,
2022-05-06,-0.0008496166380462649,0.8853923485025463,1327895.1628042224,,,
2022-05-09,-0.011903264755275766,0.8748532889660251,1312088.8751141138,,,
2022-05-10,-0.0025870833786831677,0.8725899705633547,1308694.3917939507,,,
2022-05-11,-0.003419537014649302,0.8696061168604017,1304219.2628803474,,,
2022-05-12,0.01667711193573319,0.8841086354112808,1325969.8735161424,,,
2022-05-13,-0.002546020846119238,0.8818576763952897,1322593.9265768442,,,
2022-05-16,0.006531140821869102,0.8876172130646736,1331231.9737614663,,,
2022-05-17,-0.007332725153789904,0.8811085599994973,1321470.4155819362,,,
2022-05-18,-0.012280539301581897,0.8702880716994633,1305242.0462075046,,,
2022-05-19,0.010571924498326783,0.8794886914852645,1319040.966572052,,,
2022-05-20,-0.00017567858180521432,0.8793341841592307,1318809.2393257017,,,
2022-05-23,-0.005895348404154787,0.8741502027799288,1311034.3993812583,,,
2022-05-24,0.0038170957019023183,0.8774869177617772,1316038.7431521828,,,
2022-05-25,0.0,0.8774869177617772,1316038.7431521828,,,
2022-05-26,0.022565985684655433,0.8972882749864619,1345736.454590607,,,
2022-05-27,0.005400761919170133,0.9021343153325265,1353004.4567877986,,,
2022-05-30,-0.004407612397793052,0.8981580569397923,1347040.9375697915,,,
2022-05-31,0.0006336499521076099,0.8987271747495573,1347894.4899953697,,,
2022-06-01,-0.0008961587273289486,0.8979217725484178,1346686.5625846416,,,
2022-06-02,-0.0015420643920045418,0.8965371193561652,1344609.8851892888,,,
2022-06-03,0.0,0.8965371193561652,1344609.8851892888,,,
2022-06-06,0.0017440803717262553,0.8981007521485583,1346954.9928976765,,,
2022-06-07,-0.001182114402378456,0.8970390943146566,1345362.7380012167,,,
2022-06-08,-0.006135615943614146,0.8915352069455343,1337108.108935992,,,
2022-06-09,-0.018033736128562863,0.8754574962741549,1312995.0541240785,,,
2022-06-10,-0.022861706960520284,0.8554430435379444,1282977.7459560814,,,
2022-06-13,-0.005354213415465157,0.8508628189180673,1276108.4092969403,,,
2022-06-14,0.005585919267130474,0.8556156699319466,1283236.647847379,,,
2022-06-15,-0.02205103612873384,0.8367484578819665,1254939.9501639814,,,
2022-06-16,0.0022295271129265716,0.8386140112555139,1257737.8728079668,,,
2022-06-17,-0.0035175825333728377,0.8356641172572797,1253313.6760350158,,,
2022-06-20,0.0094787983287241,0.8435852088953127,1265193.5836127838,,,
2022-06-21,-0.006929626899754907,0.8377394781395163,1256426.2641223832,,,
2022-06-22,0.0007467140388814038,0.8383650299687684,1257364.4552526227,,,
2022-06-23,0.016843321726701076,0.8524858818929477,1278542.6493001608,,,
2022-06-24,0.0009690589858442462,0.8533119909971014,1279781.6325432502,,,
2022-06-27,0.0012263514830115488,0.8543584514227323,1281351.0946462506,,,
2022-06-28,-0.008444578050993808,0.8471437547961668,1270530.625316784,,,
2022-06-29,-0.0131414736511739,0.8360110374637564,1253833.980581174,,,
2022-06-30,0.008392690759143394,0.8430274195724203,1264357.0214434976,,,
2022-07-01,0.0012077397083833622,0.8440455772622939,1265884.0356238682,,,
2022-07-04,-0.0004110444189312631,0.8436986370384366,1265363.7010560108,,,
2022-07-05,0.008769808289760189,0.8510977123395957,1276460.6981310935,,,
2022-07-06,0.012006211416074476,0.8613161714096822,1291786.1551371654,,,
2022-07-07,0.0003811953710271401,0.8616445011472144,1292278.5780398606,,,
2022-07-08,-0.00021366292794752632,0.8614603996602493,1292002.4660151526,,,
2022-07-11,-0.004483159605243071,0.857598335194976,1286210.212749639,,,
2022-07-12,-0.00820431072812141,0.8505623319731167,1275657.744502558,,,
2022-07-13,-0.0022528488089999495,0.8486461436365509,1272783.8804721637,,,
2022-07-14,0.005468926087420346,0.8532873266704735,1279744.6414397259,,,
2022-07-15,0.0043863227091856805,0.8570301202489085,1285358.0144224316,,,
2022-07-18,0.0045091059949709566,0.8608945599019935,1291153.8299509478,,,
2022-07-19,0.009947935857530961,0.8694586837639958,1303998.1454335053,,,
2022-07-20,0.007955373293936498,0.8763755521569931,1314371.9374550297,,,
2022-07-21,0.0012247713185003252,0.8774489117975098,1315981.7425058663,,,
2022-07-22,-0.0005577997741294007,0.8769594709926991,1315247.6881871382,,,
2022-07-25,-0.000845281191919489,0.8762181936457933,1314135.934053598,,,
2022-07-26,0.007582334649464119,0.8828619732159647,1324100.1524804784,,,
2022-07-27,0.006909655470822563,0.8889622452791776,1333249.228342982,,,
2022-07-28,0.011249603894691188,0.8989627184159036,1348247.7540547433,,,
2022-07-29,0.00032924644537043655,0.8992586986954625,1348691.6598352443,,,
2022-08-01,-0.002116667487099603,0.8973552670454423,1345836.9280487488,,,
2022-08-02,0.006351268184184845,0.9030546110029387,1354384.6993109658,,,
2022-08-03,0.0024345641351223722,0.9052531553709434,1357682.035725067,,,
2022-08-04,-0.00333115055453212,0.9022376208204376,1353159.392458883,,,
2022-08-05,0.004335014193984558,0.9061488337130411,1359025.357631916,,,
2022-08-08,-0.007101722078237548,0.899713616534492,1349373.9372447366,,,
2022-08-09,0.005177626315524483,0.9043719974318968,1356360.491251698,,,
2022-08-10,0.0041510076820466865,0.9081260525406646,1361990.7540705085,,,
2022-08-11,0.007221540302634834,0.9146841214289596,1371826.4251928446,,,
2022-08-12,0.0,0.9146841214289596,1371826.4251928446,,,
2022-08-15,0.006181340191817869,0.9203380951515661,1380306.151011087,,,
2022-08-16,-0.004754121515745252,0.9159626960116459,1373744.0078402497,,,
2022-08-17,0.0007836028397145676,0.9166804469813132,1374820.4775458341,,,
2022-08-18,-0.004376257833692102,0.9126688169942189,1368803.9086610537,,,
2022-08-19,-0.009019565631688965,0.9044369406993437,1356457.8919699732,,,
2022-08-22,-0.004340201003768416,0.9005115025814752,1350570.5920656754,,,
2022-08-23,-0.0002825531994806866,0.9002570601752516,1350188.9840237629,,,
2022-08-24,0.00638351388522666,0.9060038636191536,1358807.9341509587,,,
2022-08-25,-0.008881470733897534,0.897957216819622,1346739.721250809,,,
2022-08-26,-0.014951766125492042,0.8845311705230372,1326603.5839067565,,,
2022-08-29,-0.0025369972148138005,0.8822871174070043,1323237.994309223,,,
2022-08-30,-0.0073123082193516774,0.8758355620665609,1313562.0702472772,,,
2022-08-31,-0.008767423367272785,0.86815674089381,1302045.515458228,,,
2022-09-01,-0.0008221955631692456,0.8674429462733116,1300974.9794123739,,,
2022-09-02,-0.0010074895878811564,0.8665690065368604,1299664.260666522,,,
2022-09-05,0.0008004499450112311,0.8672626516504912,1300704.5768525056,,,
2022-09-06,-0.0004121239952042299,0.8669052319016016,1300168.5252857127,,,
2022-09-07,0.005764284463375463,0.8719023202610708,1307663.0665157868,,,
2022-09-08,0.010237452578494819,0.8808283789178231,1321050.205147891,,,
2022-09-09,0.009122331060097908,0.8888635869974407,1333101.2624662602,,,
2022-09-12,-0.011031525667157059,0.8790580655228771,1318395.1216724443,,,
2022-09-13,-0.006211610407898334,0.8735976992939283,1310205.7648129414,,,
2022-09-14,-0.0042469388332417235,0.8698875833001664,1304641.4010708202,,,
2022-09-15,-0.016004732228130446,0.8559652654608716,1283760.9647929487,,,
2022-09-16,0.0017641814495477168,0.8574753435036548,1286025.7520726898,,,
2022-09-19,-0.006244342731906381,0.8521209735746589,1277995.3665146905,,,
2022-09-20,0.002581697307738809,0.8543208919980043,1281294.763711724,,,
2022-09-21,-0.00825672338734646,0.8472670007087456,1270715.4672701007,,,
2022-09-22,-0.013234131464288656,0.8360541578360126,1253898.6517225432,,,
2022-09-23,-0.0009748872309339324,0.835239099313169,1252676.2419380937,,,
2022-09-26,-0.0025941005524315504,0.8330724051042282,1249426.673806864,,,
2022-09-27,-0.004369740369255053,0.8294320949851318,1243967.0036319061,,,
2022-09-28,-0.011873693660811802,0.819583672376833,1229196.520506623,,,
2022-09-29,-0.0007593556903087192,0.8189613168515296,1228263.1231342687,,,
2022-09-30,0.007581063874591756,0.8251699149054008,1237574.664325555,,,
2022-10-03,0.020246549319203225,0.8418767582842558,1262631.2808030187,,,
2022-10-04,0.002788638672579911,0.8442244483699535,1266152.303221875,,,
2022-10-05,0.002088255834679705,0.8459874050000413,1268796.3531566714,,,
2022-10-06,-0.015160036606974313,0.8331622049712015,1249561.353996021,,,
2022-10-07,-0.0031609180558930675,0.8305286475140204,1245611.5929502288,,,
2022-10-10,-0.013137695431383819,0.8196174150959422,1229247.127216248,,,
2022-10-11,0.0010054631088150818,0.8204415101701635,1230483.0898542807,,,
2022-10-12,-0.007544714055981567,0.814251513576272,1221199.4467906097,,,
2022-10-13,0.010044355646702386,0.8224301453644979,1233465.6083497307,,,
2022-10-14,0.0046701321626409584,0.8262710028378901,1239226.0557587964,,,
2022-10-17,0.007851889470819344,0.8327587914251162,1248956.3217779738,,,
2022-10-18,-0.007402027669243849,0.8265946878091814,1239711.5125264963,,,
2022-10-19,-0.00307183352516871,0.8240555265354428,1235903.3251407796,,,
2022-10-20,-0.0016777408759049545,0.8226729748945588,1233829.799613524,,,
2022-10-21,0.010272131652608853,0.8311235799997191,1246503.861752066,,,
2022-10-24,0.006857806033621091,0.8368232643013259,1255052.1434561214,,,
2022-10-25,-0.0003918492296780862,0.8364953557498328,1254560.3522405024,,,
2022-10-26,0.0033076314381882957,0.8392621740864095,1258709.9755026777,,,
2022-10-27,0.004770565495627056,0.8432659292558912,1264714.7338808125,,,
2022-10-28,0.0039668913188491,0.8466110735501375,1269731.7197794649,,,
2022-10-31,0.0,0.8466110735501375,1269731.7197794649,,,
2022-11-01,-0.002588399151373555,0.844419706165817,1266445.1472735156,,,
2022-11-02,-0.008839058094542968,0.8369558313268404,1255250.965043213,,,
2022-11-03,0.006155808342535192,0.8421079710156557,1262978.0494058013,,,
2022-11-04,-0.0003493355451614389,0.8418137927685161,1262536.8462803853,,,
2022-11-07,0.005413904326441692,0.8463712921032438,1269372.0999747545,,,
2022-11-08,-0.0026598766067252562,0.8441200489027745,1265995.7268208019,,,
2022-11-09,0.022151606379260398,0.8628186639629107,1294039.5658391619,,,
2022-11-10,0.0012451186374830097,0.8638929755621793,1295650.798620229,,,
2022-11-11,0.004108639388380357,0.8674424002689193,1300974.1605250267,,,
2022-11-14,0.004598792602592149,0.8714315879624507,1306957.0708706125,,,
2022-11-15,-0.006718881577268888,0.8655765423202396,1298175.7810848586,,,
2022-11-16,-0.004323667033257947,0.8618340775594482,1292562.901256808,,,
2022-11-17,0.006368066814139465,0.867322294548049,1300794.0281734895,,,
2022-11-18,0.0016308648292400814,0.8687367799738431,1302915.447404123,,,
2022-11-21,0.0026443748722341683,0.8710340456853917,1306360.8442738843,,,
2022-11-22,0.004503552996171943,0.8749567936716058,1312244.1095681957,,,
2022-11-23,0.0032818636255701776,0.8778282825467023,1316550.7157792563,,,
2022-11-24,-0.0005985096773131354,0.8773028938245789,1315762.747435189,,,
2022-11-25,-0.004318498742154667,0.8735142623811089,1310080.627665416,,,
2022-11-28,8.075396634994497e-05,0.8735848021224594,1310186.4218723383,,,
2022-11-29,0.010086295495878946,0.8823960365773754,1323401.3492780311,,,
2022-11-30,0.005242149744221148,0.8870216887348213,1330338.817322651,,,
2022-12-01,-0.0038034128845462105,0.8836479790150154,1325278.9895240339,,,
2022-12-02,-0.00530172403651019,0.8789631212848578,1318252.7260501925,,,
2022-12-05,-0.006842252234502781,0.872949033904201,1309232.9083897362,,,
2022-12-06,-0.0052224619908165714,0.8683900907547163,1302395.4892885447,,,
2022-12-07,0.0006808022736422261,0.8689812927029105,1303282.1630988335,,,
2022-12-08,0.0015628617532530507,0.8703393903295682,1305319.0129452376,,,
2022-12-09,0.0005716868623202912,0.8708369519247794,1306065.2466760753,,,
2022-12-12,0.012385063569209456,0.8816223229327844,1322240.9477816937,,,
2022-12-13,-0.004391565335604467,0.8777506209002978,1316434.240270099,,,
2022-12-14,-0.018149620846866853,0.8618197799328554,1292541.4579393633,,,
2022-12-15,-0.005609875941847136,0.8569850778832021,1285290.4607106294,,,
2022-12-16,-0.004577828744683129,0.8530619469599039,1279406.6210943211,,,
2022-12-19,-0.0027686887895033213,0.8507000839106041,1275864.3423252811,,,
2022-12-20,0.0065564661214709994,0.8562776701902965,1284229.5036613296,0.12205857846736859,0.11169725753721872,-0.18372563918062684
2022-12-21,-0.0024226405363247184,0.8542032171961439,1281118.2772078156,0.12192818532180819,0.1087034624039065,-0.1788012843972486
2022-12-22,-0.003608201872414185,0.8511210795484345,1276495.7438412104,0.1217863950634979,0.10632170590969778,-0.17488364358923414
2022-12-23,0.0,0.8511210795484345,1276495.7438412104,0.12148729700462327,0.10308271739777382,-0.16955598158774188
2022-12-26,0.0005937313140020207,0.8516264167853697,1277253.6393365192,0.1214232107340582,0.09996906435583676,-0.1644344780886432
2022-12-27,0.00010290674257612022,0.8517140548858129,1277385.0773479869,0.12119897182575014,0.09692442909764218,-0.15942649874145753
2022-12-28,0.0021241882776285616,0.8535232558970929,1280098.4837553073,0.12118368836559,0.09433402534559993,-0.15516566373464213
2022-12-29,-0.0030800912517433584,0.8508943263834448,1276155.6636141227,0.12105541564429484,0.09224107883747709,-0.15172307307974087
2022-12-30,0.002697308092121714,0.8531894505355393,1279597.848612396,0.12104468253571021,0.09004397094886697,-0.1481091522003568
2023-01-02,0.008749283364445283,0.8606542468018301,1290793.4127824404,0.12120238039277491,0.09369566131372269,-0.15411564834149347
2023-01-03,0.004514689959200836,0.8645398338882099,1296620.9448425318,0.12129523055135709,0.09252203306100767,-0.15218520165332247
2023-01-04,-0.0011664461897387705,0.8635313946930936,1295108.5062818849,0.12101380489389889,0.08981803290081307,-0.14773751718254902
2023-01-05,0.002925379873158571,0.8660575520549693,1298897.1906397182,0.12104910333536804,0.08782162000956242,-0.1444537101974827
2023-01-06,0.008196104343592477,0.8731558501191681,1309543.0875458005,0.12135318808619784,0.09091524489133698,-0.1495422703046969
2023-01-09,-0.0010459863098983809,0.8722425410535357,1308173.3234040055,0.12059454976965488,0.08823938438253624,-0.1451408714415798
2023-01-10,0.0061963516349335885,0.8776472625488513,1316279.2253152563,0.11988734653060122,0.08887939037801734,-0.1461935876245176
2023-01-11,0.002279987988628027,0.8796482877657149,1319280.3261386554,0.11979670993686127,0.08662662508884492,-0.14248811846795195
2023-01-12,0.005620464177239342,0.884592319455672,1326695.2939514543,0.1194178909974892,0.0867845409953464,-0.14274786701951422
2023-01-13,0.0015857246270140372,0.8859950392815004,1328799.067351617,0.11943038123089993,0.08436636026134739,-0.1387703136685718
2023-01-16,0.002563843895135769,0.8882665922540829,1332205.9007283086,0.11943176232027619,0.08240151688787654,-0.1355384339193267
2023-01-17,0.003294661240216367,0.8911931297665614,1336595.0678734255,0.11877502744370226,0.08091188686572975,-0.13308821057458275
2023-01-18,-0.008649407560608634,0.883484837171996,1325034.3123878888,0.1188452643743156,0.08535274184398962,-0.140392766992339
2023-01-19,0.003069854978658532,0.8861970074979577,1329101.9755686661,0.11876089101167431,0.08360906685992929,-0.1375246768705828
2023-01-20,0.004500100744250406,0.8901849833109517,1335083.0683581075,0.11751869005018215,0.08292912863996686,-0.13640627802337468
2023-01-23,-0.00024945375129261613,0.8899629233275205,1334750.0268784182,0.11744119356435692,0.0804086237794684,-0.13226041646183498
2023-01-24,-0.0027071943347987642,0.8875536207433073,1331136.5991672806,0.11746703916375421,0.07866655551712229,-0.12939496916211793
2023-01-25,0.009183578005015004,0.8957045386530369,1343361.1959610635,0.11781345876829456,0.08421587419776681,-0.13852278612108562
2023-01-26,0.002869782160826699,0.898275015559435,1347216.3499567795,0.11691190780486885,0.08240932673597509,-0.13555127997629754
2023-01-27,-0.004142710825539012,0.8945537219281657,1341635.2221994705,0.11684031020031814,0.08150649948203664,-0.13406626129314625
2023-01-30,-0.000475856516612972,0.8941280427101258,1340996.7963360692,0.11668908914042453,0.07904514253396462,-0.13001768938988778
2023-01-31,0.00626189890592393,0.8997269821225283,1349393.9827078937,0.11637377485198712,0.08041220192207872,-0.1322663019826853
2023-02-01,0.011753777870006952,0.9103021732140483,1365254.4598397664,0.11666379916482995,0.09037146823215726,-0.1486478372945936
2023-02-02,-0.0018617819004587385,0.9086073891040102,1362712.6537969164,0.11667698598576946,0.08791695831694718,-0.14461052775817196
2023-02-03,-0.002451315375964984,0.9063801058403841,1359372.2153156418,0.11651131522143546,0.08576994362723696,-0.141079002858684
2023-02-06,0.0029048335255224163,0.9090129891586958,1363320.9653003544,0.11650846402790228,0.08392066279694065,-0.13803720657771928
2023-02-07,0.0013625736591808381,0.9102515863135767,1365178.5905366817,0.11622675868119951,0.08153642565635401,-0.13411548546951294
2023-02-08,0.0003217115071043528,0.9105444247232538,1365617.7841985098,0.11621104869599351,0.079062394794182,-0.13004606683267944
2023-02-09,-0.00601083197130232,0.9050712951838361,1357409.2851606703,0.11620307985102302,0.08013799076688735,-0.13181526476951824
2023-02-10,0.0034694527252801155,0.9082113972554845,1362118.7525043916,0.11535800551008613,0.07885919203030342,-0.1297118280295072
2023-02-13,0.003500870470098013,0.9113909277167427,1366887.353821801,0.11430777231424694,0.07765923855185931,-0.12773808019831537
2023-02-14,-0.0008507970575907726,0.9106155189971264,1365724.4100831114,0.11430897417298462,0.07536607053950353,-0.12396615447598286
2023-02-15,-0.002529438421644361,0.9083121731160295,1362269.8942868696,0.11433308280505436,0.07372910252402805,-0.12127358169852447
2023-02-16,-0.0021167516829607063,0.9063895017949325,1359386.3071954914,0.11435221429772782,0.07195532619025441,-0.1183559792625162
2023-02-17,-0.0002944833491945217,0.9061225851787691,1358985.990562899,0.1143487402143371,0.06977267402000453,-0.1147658359239072
2023-02-20,-0.007104131461414248,0.8996853712135027,1349331.5754317201,0.11350621505232493,0.07306995523990883,-0.12018938089754576
2023-02-21,-0.00229198160570965,0.8976233088917552,1346238.9322808273,0.11274463773738527,0.07140233108062748,-0.11744638325075991
2023-02-22,0.006057267660605799,0.9030604535321113,1354393.4618287806,0.11261619443051386,0.07312424619097999,-0.12027868156532578
2023-02-23,-0.007367660276791072,0.8964070109010819,1344414.7509209192,0.11213813120307868,0.07646617420464129,-0.12577566397960732
2023-02-24,0.003938846391614067,0.8999378204213873,1349710.1941114168,0.1118199719107639,0.07570224853069023,-0.12451911806408757
2023-02-27,-0.002962402372944549,0.8972718424866684,1345711.8094295938,0.11185277026614338,0.07429448915926865,-0.12220355995612985
2023-02-28,-0.0021796870444162624,0.8953160706762806,1342778.578833062,0.11186914693107086,0.07252810839884191,-0.11929812215576463
2023-03-01,0.0007806947024880767,0.8960150391897099,1343826.8789561712,0.11187153697733153,0.07038410558214325,-0.11577155134652367
2023-03-02,0.009320854798307892,0.9043666652670974,1356352.4941689852,0.11026895619311318,0.07726762753432512,-0.1270939373957701
2023-03-03,0.0010228374371107018,0.9052916853492075,1357739.8222779394,0.11024473293368331,0.07501924794957592,-0.12339568208103172
2023-03-06,0.0009230573193719054,0.9061273214655355,1358993.093958696,0.10970751988208079,0.0728223645330438,-0.11978213042535933
2023-03-07,-0.0027249737787283486,0.9036581482743525,1355289.8734121853,0.10972550362182838,0.07139456738599367,-0.11743361310948297
2023-03-08,-0.002611259270145963,0.9012984625576282,1351750.860166503,0.10964100223039878,0.06996035665216659,-0.11507454638213475
2023-03-09,-0.017085520277757147,0.8858993093992886,1328655.4934346525,0.11085321224290261,0.0949449272230299,-0.15617050790344428
2023-03-10,-0.009935421216936269,0.8770975266046138,1315454.7414551831,0.11128071007526168,0.09983086339263952,-0.16420715773308006
2023-03-13,0.00661310896290598,0.8828978681191455,1324153.9869961976,0.11144778200271062,0.10014726818460612,-0.16472759730273112
2023-03-14,-0.0047268612680655886,0.8787245323826754,1317894.8948021107,0.11149988669382895,0.0988207277565285,-0.16254563246830991
2023-03-15,0.0029831807273178494,0.8813459264723009,1321826.4134529151,0.11119452493385767,0.09650990780467202,-0.15874467188926694
2023-03-16,-0.004186417781592161,0.8776562442139835,1316292.6958514575,0.11119603118242444,0.09497529711026416,-0.15622046192261166
2023-03-17,-0.0006580303047684496,0.8770787198081215,1315426.535367642,0.11118044457375931,0.09211750997635888,-0.1515198203903523
2023-03-20,0.00937405047816587,0.8853005000009279,1327757.4101104971,0.11159181006642672,0.0964631254826663,-0.15866772181723862
2023-03-21,0.0013464381484389713,0.8864925023669612,1329545.1533393424,0.1113055744873978,0.09367089903957315,-0.15407491802504705
2023-03-22,-0.0010065795534017108,0.8856001771398347,1328206.8603726667,0.11130744540998404,0.09090161003783989,-0.14951984296646928
2023-03-23,-0.004356988233784988,0.8817416275881986,1322419.8787099905,0.1104787329207235,0.0897459983218479,-0.14761903084407224
2023-03-24,0.003806743394006909,0.885098191704241,1327453.9918473733,0.1105333712074436,0.08826206397925969,-0.14517817605850816
2023-03-27,-0.0035585401326413547,0.8819485342677331,1322730.1935431496,0.11058379504160068,0.08668476292922282,-0.14258374670556065
2023-03-28,0.0038224313189240185,0.8853197219667973,1327786.2388614353,0.1105567133693452,0.08534817637455573,-0.14038525746338193
2023-03-29,0.005260093475487033,0.8899765864600347,1334770.5185933118,0.11067657320572023,0.08523849780956828,-0.1402048522779635
2023-03-30,0.007608162581617341,0.8967476730236555,1344925.6697079195,0.11094053189052076,0.08777740927528811,-0.14438099001086144
2023-03-31,0.001532574567550999,0.8981220057008421,1346986.8685845602,0.11090754949195433,0.08531175046260402,-0.14032534216999312
2023-04-03,-0.0004894698257165179,0.8976824020792395,1346327.5591567517,0.11090801335680023,0.08273470578489743,-0.13608648088505146
2023-04-04,-0.003704012598514426,0.8943573751524734,1341340.744915908,0.11096512206736615,0.08149706530853504,-0.13405074345864484
2023-04-05,-0.001928678458105508,0.892632447349169,1338753.7299162094,0.1109028444288859,0.0793694443293545,-0.1305511183742617
2023-04-06,0.0,0.892632447349169,1338753.7299162094,0.11087189943782315,0.07695153121277844,-0.12657400521480802
2023-04-07,0.0,0.892632447349169,1338753.7299162094,0.11087044644713269,0.07460727756832572,-0.12271805110523576
2023-04-10,0.003802809268248555,0.8960269582930878,1343844.755008237,0.1101625553471524,0.07383038944651335,-0.12144018386033717
2023-04-11,-0.0015539838061272488,0.8946345469100468,1341756.442021005,0.10990000219769155,0.07183580885995437,-0.11815939074828863
2023-04-12,0.0012648299106169372,0.8957661074440498,1343453.5357016362,0.10989684884678616,0.06982083727409108,-0.11484505742707724
2023-04-13,0.006727021312878296,0.90179194514018,1352490.9762691627,0.11010518257365419,0.07257186047162051,-0.11937008791136115
2023-04-14,0.00145443907891174,0.9031035465862397,1354458.0919989243,0.10996582802572802,0.07058795291220456,-0.11610685036671939
2023-04-17,0.0006142678001702486,0.9036582940151271,1355290.091991519,0.10996759898689834,0.06847922826181169,-0.1126383069772787
2023-04-18,-0.0035170241382345346,0.9004801059823601,1350523.5040236746,0.10977397843754105,0.06778691981003755,-0.11149956090940885
2023-04-19,-0.0018090027684201523,0.8988511349777307,1348080.4032660795,0.10978220653489623,0.06609722057678935,-0.10872025299714343
2023-04-20,0.00028625626798819937,0.8991084367491063,1348466.2997312665,0.10976925169315038,0.06409329902224123,-0.10542409536001872
2023-04-21,-0.000710136256896368,0.8984699472492893,1347508.7049206241,0.10964678838448912,0.06220208009564289,-0.10231331704924417
2023-04-24,-0.004050728971188861,0.8948304890042241,1342050.312370673,0.1071095943930244,0.062330141089483745,-0.10252395863943431
2023-04-25,-0.0061959239333000465,0.8892861873611563,1333735.070720563,0.10728852726764407,0.06505684079871993,-0.10700898054577897
2023-04-26,0.006514186559749868,0.8950791634906354,1342423.2697925176,0.10680984214527857,0.06797102451420763,-0.11180238619980183
2023-04-27,0.003611586862963077,0.8983118196388102,1347271.5480382363,0.10683237067390179,0.06738007990627444,-0.1108303688181155
2023-04-28,0.0,0.8983118196388102,1347271.5480382363,0.10677276071757856,0.0653274110016845,-0.10745402892547025
2023-05-01,-0.0003562140496204097,0.8979918283477148,1346791.6309841713,0.10547672257005285,0.06335241299752524,-0.10420544629510696
2023-05-02,-0.0033501099555115123,0.8949834569835992,1342279.7309332115,0.10549991323264396,0.06278862843853042,-0.1032781032184251
2023-05-03,-0.0008804878523178059,0.8941954349216997,1341097.8699357125,0.10530510734660764,0.06097203419907776,-0.10029007159496224
2023-05-04,0.00508492693916258,0.8987423533776093,1347917.2546226021,0.10516296986210046,0.062333646508911426,-0.10252972454129392
2023-05-05,0.0032755764814972692,0.9016862526932586,1352332.4606808485,0.10447251411851052,0.06176230759660303,-0.10158995565916495
2023-05-08,0.001270250946773235,0.9028316205094347,1354050.2622693805,0.10395480197047088,0.06008414168463863,-0.09882961837224398
2023-05-09,0.00031530808819004125,0.9031162906216551,1354477.2052688901,0.10395453410390436,0.05826663758225671,-0.0958400901574419
2023-05-10,0.0018595677039834838,0.9047956965086364,1356995.94733559,0.10379259031967619,0.056952486712060185,-0.0936785043322377
2023-05-11,0.003980036222059139,0.9083968161543041,1362396.840359173,0.10379848514599063,0.05734528549409847,-0.09432460083353551
2023-05-12,0.0003464970970903303,0.9087115730141077,1362868.9069094425,0.103798531606686,0.05561463991700977,-0.09147794217909362
2023-05-15,-0.0004143848984305976,0.9083350166612215,1362304.1546158786,0.10133280562579562,0.05394445206830136,-0.08873072763845533
2023-05-16,0.0016690233745933296,0.9098510490359907,1364577.8720932382,0.10120430058312206,0.05270220547452756,-0.08668741382311837
2023-05-17,0.0,0.9098510490359907,1364577.8720932382,0.10110514353429927,0.0510966834979239,-0.08404656517675155
2023-05-18,0.011504895342937884,0.920318790132812,1380277.1976989598,0.10174823771461677,0.06674984319376764,-0.10979372167571073
2023-05-19,-0.00082840734825588,0.9195563912843281,1379133.765925756,0.10174758448229958,0.06479649143605785,-0.10658074395232975
2023-05-22,-0.0040307425820972145,0.9158498961813387,1373574.8327290309,0.10181868682777091,0.06474815125496072,-0.10650123143012465
2023-05-23,-0.010482891613073106,0.9062491409858254,1359175.7966350873,0.10236771077868304,0.07484875333657406,-0.12311524339845994
2023-05-24,0.003378296144046086,0.9093107189643629,1363767.4949879404,0.10240768342750962,0.07374793918769446,-0.12130456525307581
2023-05-25,0.007207521602505873,0.9158645956146886,1373596.8786688612,0.10264807177587133,0.076797736540014,-0.1263210354895056
2023-05-26,0.0,0.9158645956146886,1373596.8786688612,0.10245686181085338,0.07445816745757355,-0.12247278679874993
2023-05-29,0.003524128057345256,0.9190922197328235,1378437.6099684602,0.10087611290380076,0.07347897157224387,-0.12086215289526943
2023-05-30,-0.0032646987159477225,0.9160916605432242,1373937.426473182,0.09824475874597162,0.07236270605408489,-0.11902605950908476
2023-05-31,-0.0009863275696915385,0.9151880940820659,1372582.2741104204,0.09808975401729898,0.07026299774904168,-0.11557234668799432
2023-06-01,0.010651464280754865,0.9249361873763532,1387202.2851755049,0.09849335494147683,0.07972512310777967,-0.131136157902984
2023-06-02,0.0019151978313834113,0.9267076231565844,1389859.051983763,0.09590801572546186,0.07765428639008913,-0.12772993461706644
2023-06-05,0.0024162378811927554,0.9289467692204454,1393217.2820746847,0.09591172737178573,0.0758725942451867,-0.12479931183041273
2023-06-06,-0.0025249950463947742,0.9266011832297993,1389699.4153388946,0.0958759007477271,0.07421354703938,-0.12207042201665787
2023-06-07,-0.0038099849259865502,0.9230708466892925,1384404.6815148012,0.09553678688335024,0.07346205139944502,-0.1208343216876726
2023-06-08,0.0027540595846945546,0.9256130388019693,1388217.414497023,0.09528382966115988,0.07202468561203347,-0.11847006535899275
2023-06-09,0.004776288275067767,0.930034033506449,1394847.94105713,0.09538311680324606,0.07225810343965783,-0.11885400351935581
2023-06-12,0.0029068711244026398,0.9327375225831607,1398902.5842599217,0.09398324074448763,0.07096281604072158,-0.11672344534327098
2023-06-13,0.0010968013565172084,0.9337605503632043,1400436.9025119732,0.09398413885333376,0.06893306127993189,-0.11338479586316404
2023-06-14,-0.0014386902237034478,0.9324171581881168,1398422.1076314156,0.09399768705832755,0.06706680803702694,-0.11031508244776189
2023-06-15,0.0026242274299577905,0.9348640328707972,1402091.8852849212,0.09360713381336637,0.06581948105169702,-0.10826341213194753
2023-06-16,-0.00490883088693947,0.9302749434311522,1395209.2533321073,0.09276896400774605,0.06660789970986247,-0.10956024542138719
2023-06-19,-0.002026466791102163,0.9283897721516946,1392381.9081135916,0.09245691302110398,0.06505771813058826,-0.10701042362828464
2023-06-20,-0.006133610812606419,0.9226953906069117,1383841.5793867083,0.09268368202367824,0.06743432767609796,-0.11091959845906375
2023-06-21,-0.002491377919711119,0.9203966076841344,1380393.9070314462,0.09272463394222925,0.06609383125907188,-0.10871467806560296
2023-06-22,-0.0008085961236298154,0.9196523785549591,1379277.7258691385,0.0923466369452836,0.0641574355526061,-0.10552959056460946
2023-06-23,-0.00033304257253888943,0.9193460951609637,1378818.3676670694,0.09160086365031586,0.062216417819348016,-0.10233690050608278
2023-06-26,-0.001965987246117364,0.9175386724631094,1376107.6283415235,0.09162820872689884,0.06080353680177216,-0.10001291803987224
2023-06-27,0.007134045026667807,0.9240844346661701,1385924.8421236528,0.0918838395990182,0.06515191640068932,-0.10716536599451292
2023-06-28,0.0015873168594262898,0.925551249468849,1388124.7439914534,0.09176734586345013,0.06346795882809715,-0.1043955022736023
2023-06-29,0.005944721947165698,0.9310533942947932,1396376.759622463,0.09153840020846708,0.06573299985188194,-0.10812116321676858
2023-06-30,0.001347874837805917,0.9323083377376169,1398258.9007208552,0.09150541570242642,0.06394565764023628,-0.10518124689733975
2023-07-03,0.00021396159833065453,0.9325078159196963,1398558.0744301337,0.09136334587087633,0.06200319680247353,-0.1019861831431345
2023-07-04,-0.002189544949816975,0.9304660481406846,1395495.8686612395,0.09130967073247935,0.06071424444775218,-0.09986604518750344
2023-07-05,-0.011817574068497953,0.9194701966985594,1379004.4928710524,0.09201863726172822,0.07467684191184143,-0.12283247426797407
2023-07-06,-0.0033264747811275136,0.9164116022772434,1374417.2692024554,0.09157451014608665,0.07354822901308576,-0.1209760712480316
2023-07-07,-0.00018173549286845463,0.9162450577630331,1374167.48880263,0.09124582981494662,0.07131115403523199,-0.11729641035694642
2023-07-10,0.004960757219674804,0.9207903270483224,1380984.4000937499,0.09136464856880386,0.07177920047591647,-0.11806627824248804
2023-07-11,0.004660078112098482,0.9250812818972323,1387419.8952697762,0.0914696855711625,0.07191292847904772,-0.11828624123346344
2023-07-12,0.006810659505799038,0.9313816955234224,1396869.13976803,0.09169955813470103,0.07458232751240043,-0.1226770119152544
2023-07-13,0.0008955352352975067,0.9322157806492748,1398120.085301792,0.09140673797896806,0.07239404674339339,-0.11907761035556502
2023-07-14,-0.0019190783626327037,0.930426785515326,1395436.983297727,0.09118533331797482,0.07058419703730323,-0.11610067250226556
2023-07-17,0.0015117640624808227,0.9318333712924377,1397546.5547805333,0.09051785999686898,0.06868592669439744,-0.11297829564380255
2023-07-18,0.005492720684057588,0.9369516717250308,1405222.8876489098,0.09067476228773486,0.06993469267392628,-0.11503233289444419
2023-07-19,-0.0025793659746843156,0.9345349304630597,1401598.3035456606,0.0906877040456047,0.06854199341648694,-0.11274154646959245
2023-07-20,-0.0009588723904396864,0.9336388307203372,1400254.3496299037,0.09048245177253736,0.06655844306268427,-0.10947889647589926
2023-07-21,0.00174586361462019,0.9352688367840883,1402699.0027501362,0.09046760096167669,0.06488691014665429,-0.10672946949639858
2023-07-24,0.004755304978205312,0.9397163253396081,1409369.2643008376,0.09051698139402434,0.0655713340270663,-0.10785524659846647
2023-07-25,-0.0038745998683216098,0.9360753005891876,1403908.5223349612,0.09051071835678351,0.06533462460486014,-0.10746589424681709
2023-07-26,0.00950134521038182,0.9449692751629974,1417247.5418494625,0.09069869334180933,0.0733311852648598,-0.12061906605155497
2023-07-27,-0.00022765557279202865,0.9447541476413893,1416924.8975485347,0.09056248879997414,0.07110273219081559,-0.1169535869302222
2023-07-28,0.0031213735569264366,0.9477030782556337,1421347.6494558933,0.09052311512803493,0.06999697364464792,-0.11513477597502574
2023-07-31,-0.001264104588690835,0.9465050824456943,1419550.9173700912,0.09025826250850585,0.0680423601023657,-0.11191972280071434
2023-08-01,-0.008494707637984945,0.9384647984924512,1407492.247349799,0.0906714043239351,0.07377694136359399,-0.12135226958729364
2023-08-02,-0.0055417002348878905,0.9332641078982116,1399692.3472320577,0.09064219671644529,0.07470472963621072,-0.12287834549255032
2023-08-03,-0.0018847880811524408,0.9315051028310777,1397054.2237787144,0.09053417825312217,0.07279877373429086,-0.11974332701446788
2023-08-04,0.002687574491451163,0.9340085921841031,1400808.9110737164,0.09056898544754467,0.07135050374536535,-0.11736113487037877
2023-08-07,0.0017804690407817229,0.935671565566311,1403303.007971934,0.09047334251030328,0.06952245774666954,-0.11435426677918985
2023-08-08,-5.6127834087928066e-05,0.9356190483479181,1403224.2436135276,0.09000757190703848,0.06740487540436448,-0.11087115378308098
2023-08-09,0.0023816873906146617,0.9378474004377871,1406566.2851007464,0.08992182089441379,0.06600438895246334,-0.108567558563175
2023-08-10,-0.005476567594107775,0.9327112157563313,1398863.1297647993,0.0900983166205222,0.0674438701694278,-0.1109352944638275
2023-08-11,0.0006709288258085932,0.9333369985971373,1399801.6673619193,0.08988277484260121,0.06544128040936817,-0.10764132743369755
2023-08-14,0.0,0.9333369985971373,1399801.6673619193,0.08942603536438283,0.06344767378717953,-0.10436213635047607
2023-08-15,-0.006256463451721866,0.9274976097772746,1391043.8593904104,0.08836636371695994,0.0661507182335308,-0.10880824881186801
2023-08-16,-0.005137618783081346,0.9227324806360198,1383897.2063303161,0.0884855307585934,0.06717482245305356,-0.11049275035172633
2023-08-17,-0.0054160352307874434,0.9177349290123031,1376401.9703050426,0.08834424729838505,0.0684487458278072,-0.1125881678351481
2023-08-18,0.003039422509726493,0.9205243132135055,1380585.4374360198,0.08792888725090306,0.06740768998489301,-0.11087578335607168
2023-08-21,0.004580906092210571,0.9247411486479332,1386909.7696771878,0.0880288294749207,0.06773815424621953,-0.11141934869489244
2023-08-22,0.005885798840285433,0.9301839890282094,1395072.8415911342,0.08819819349916622,0.06954816044174743,-0.11439654395041114
2023-08-23,0.00037359943898380705,0.930531505244662,1395594.040022094,0.08819677785105184,0.06744509040130155,-0.11093730156665076
2023-08-24,-0.001544993271351941,0.929093840330278,1393437.856620721,0.0882131689423678,0.06566583060682231,-0.10801067964041265
2023-08-25,0.003746467219163597,0.9325746599466022,1398658.3258724923,0.08811047551889999,0.06531083920082896,-0.10742677073872789
2023-08-28,0.005498770376031356,0.9377026738601542,1406349.2268409897,0.08769941153155994,0.06683375358215231,-0.10993174198238416
2023-08-29,0.0021409834179512647,0.9397102797358574,1409360.197215505,0.08726820948212534,0.06533033426472235,-0.10745883726528058
2023-08-30,0.004436955262063993,0.943879732206347,1415613.4653586838,0.08663168044407227,0.0656477728337621,-0.1079809772468999
2023-08-31,2.8632704248150037e-06,0.9438824347892688,1415617.518642852,0.08638546015936838,0.06364787740876454,-0.10469144200356902
2023-09-01,0.0013712902245218714,0.9451767715451933,1417558.741107829,0.08626975441087935,0.0619388514603129,-0.10188034447370416
2023-09-04,-0.001156559089492185,0.9440836187588858,1415919.2506609117,0.08470833583846692,0.06022009909783521,-0.09905324841645131
2023-09-05,-0.002826496725850656,0.9414151695015346,1411917.1595348497,0.08475865705306421,0.059411006164182614,-0.09772240896999203
2023-09-06,-0.003209997034149246,0.9383932295995315,1407384.9096402782,0.08457450154338744,0.05893797755799421,-0.09694434615145123
2023-09-07,0.0002792316011099469,0.9386552586435034,1407777.8959819754,0.08454612206229618,0.05715280378428483,-0.0940079965950267
2023-09-08,0.0012368514052310008,0.939816235719184,1409519.1080508737,0.08410342769701977,0.055620021794243406,-0.09148679457938118
2023-09-11,-0.00034190774284650384,0.9394949052713388,1409037.182554141,0.0829818549911749,0.05394199392612673,-0.08872668435438383
2023-09-12,-0.0029916138262879735,0.936684299323002,1404821.8874370581,0.08304175621720407,0.05357681078088861,-0.08812601153343735
2023-09-13,0.008567484051396318,0.9447093271186452,1416857.6765527278,0.08337789116298014,0.061709651721233855,-0.10150334445158365
2023-09-14,0.0004672795672387327,0.9451507704841875,1417519.745194666,0.08323368642092877,0.059857310787620514,-0.09845651474857907
2023-09-15,-0.008685991267191148,0.9369411991455828,1405207.1810668341,0.08281667127410296,0.06714665794090079,-0.11044642385176051
2023-09-18,-0.002024695346222209,0.9350441786599889,1402362.06462685,0.08284633670446621,0.06557542257907642,-0.1078619716680693
2023-09-19,0.002444100962451905,0.9373295210369867,1405789.5790987103,0.08256678117547478,0.0642841272393875,-0.10573797984511646
2023-09-20,-0.009454369220345418,0.9284676616639735,1392498.725371797,0.0807645717250686,0.07236023561160025,-0.11902199599280373
2023-09-21,-0.001912208205586967,0.9266922381827175,1389835.9778828719,0.08076187920173095,0.07054877989138617,-0.11604241648134761
2023-09-22,-0.0013324540735047024,0.9254574633350657,1387984.0852726384,0.08076179945328853,0.06859553245142702,-0.11282961034539714
2023-09-25,-0.004555202434209314,0.9212418172453247,1381661.5367887607,0.07939929314659526,0.06882415043276036,-0.11320565346117958
2023-09-26,0.0016428667365493723,0.9227552947831953,1383931.4225687205,0.07932759185385503,0.06703258076725052,-0.1102587835989295
2023-09-27,-0.0024906864734450963,0.920457000652179,1380484.4832943531,0.07820585423998992,0.0657081550403786,-0.10808029713845638
2023-09-28,0.0065444175091027325,0.9264808555636233,1389518.9501178693,0.0784395423548812,0.06860093639275139,-0.11283849903788434
2023-09-29,-0.0041798035785787615,0.9226083475680538,1383711.0338376637,0.07816498986171509,0.06846810118768379,-0.11262000456904206
2023-10-02,-0.005455656481355896,0.917574913356891,1376161.9817675834,0.07780237734469317,0.06968961390760009,-0.11462921419676375
2023-10-03,-0.004271434429192123,0.9136555522806155,1370283.796098516,0.07782883841872376,0.06957808845545081,-0.1144457711522986
2023-10-04,0.0028196888800775264,0.9162317766816023,1374147.5700809257,0.0775078346727509,0.06834367103119815,-0.11241533517484452
2023-10-05,0.0009139765785078119,0.9170691910659738,1375403.508775393,0.07711348878187123,0.06635688606227398,-0.10914736471273694
2023-10-06,0.00449032541086048,0.9211871301581347,1381579.518101034,0.07714009041065595,0.06666263587036564,-0.10965027839351621
2023-10-09,0.006257212847032487,0.926951194103481,1390224.3552108926,0.0773278182537116,0.06905984077179232,-0.11359332957017375
2023-10-10,0.0045593625696019715,0.9311775006817242,1396562.89209939,0.07681122460985404,0.0692633884617978,-0.11392813572633685
2023-10-11,0.0022526675922205364,0.9332751340601149,1399708.88406692,0.07656394322840054,0.06772221535538453,-0.1113931315524929
2023-10-12,-0.00243724556221829,0.9310005133812982,1396297.4498008306,0.07661368190720144,0.0663395496966924,-0.10911884892893191
2023-10-13,-0.0035980591016345543,0.9276507185105002,1391273.4890529856,0.0766650621163974,0.06582266811474417,-0.10826865438415996
2023-10-16,-0.004541547789371534,0.9234377484405399,1384954.9540143658,0.07669871919376701,0.0662157540535993,-0.10891522321638943
2023-10-17,-0.00373222275524244,0.9199912730627603,1379785.9936200075,0.07672285009293862,0.06581844968074609,-0.10826171567769816
2023-10-18,-0.004604348328266889,0.9157553127826137,1373432.9782869173,0.07688142407231209,0.06627736095393255,-0.10901655754984783
2023-10-19,-0.007584803834960199,0.908809488374335,1363015.7585661458,0.07723295302791713,0.07070339094776132,-0.11629672903819308
2023-10-20,-0.006788425187599118,0.9026401031527255,1353763.0280596009,0.07701616027582002,0.07345612157012393,-0.1208245679864066
2023-10-23,0.007044698045785587,0.9089989301234532,1363299.8798178292,0.07708897600860404,0.07630481952186678,-0.12551025914442007
2023-10-24,-0.004462576819742999,0.9049424525687131,1357216.0493757955,0.07723416814036024,0.07598808184263486,-0.12498927202394325
2023-10-25,-0.0023538403990108554,0.9028123624650769,1354021.379408589,0.0771081837905515,0.07423954828362837,-0.12211319025756505
2023-10-26,-0.0032012073481044864,0.8999222728963941,1349686.8762193357,0.07713071713017272,0.07304632457697711,-0.12015051191591525
2023-10-27,0.0010389674516263626,0.9008572628469272,1351089.156953615,0.07393967298299378,0.070936166249805,-0.11667961033802436
2023-10-30,0.00612971408597774,0.9063792603004553,1359370.9471904053,0.07417116317853627,0.0727882753356119,-0.1197260586853236
2023-10-31,0.0,0.9063792603004553,1359370.9471904053,0.07406758838267834,0.07057085093425172,-0.11607872011625561
2023-11-01,0.01793789224159192,0.9226377938017386,1383755.1967574575,0.07604049964664944,0.09770650989488658,-0.16071290717737408
2023-11-02,0.0027429165491069728,0.925168512275189,1387550.7217865563,0.07575954575490251,0.09532851060790175,-0.15680144642528906
2023-11-03,-0.000399427240990315,0.9247989747688798,1386996.496230019,0.07562187173093476,0.09243746895983002,-0.15204610608479052
2023-11-06,0.003689363284059425,0.9282108941515279,1392113.630178329,0.07545301021596441,0.09076237554039286,-0.14929082259834675
2023-11-07,0.0019553716426649933,0.9300258914123646,1394835.7296941474,0.07545953839204918,0.08832525838861181,-0.14528212161193407
2023-11-08,0.0005036678249531796,0.9304943155302424,1395538.2635722894,0.07542260380635482,0.0856569076974522,-0.1408930752996017
2023-11-09,-0.0007326167866255808,0.9298126197748252,1394515.8688140179,0.07530942642712911,0.08309629806357212,-0.13668124725610717
2023-11-10,0.0008322637728082101,0.9305864691337636,1395676.473852238,0.07525031472909226,0.08062982142846535,-0.13262425421706076
2023-11-13,0.008359321127429594,0.9383655402660935,1407343.381687167,0.07568169891187047,0.08466201717472094,-0.13925662601486755
2023-11-14,0.002474310507185313,0.9406873479819546,1410825.5862036936,0.07557222849206909,0.08264481549416151,-0.13593862451430677
2023-11-15,0.0009286265517328157,0.9415608952301697,1412135.7163029062,0.07557445518856824,0.08020844274217609,-0.1319311479565978
2023-11-16,0.0022456142453953403,0.9436752777894057,1415306.8283838674,0.07496023942084935,0.07825367246224756,-0.12871583697180042
2023-11-17,0.001743942326026458,0.9453209930483674,1417775.0418662003,0.07480910597794899,0.07617219920058613,-0.1252921181279541
2023-11-20,0.0018532365662788505,0.9470728964795557,1420402.5144165442,0.07471415075905108,0.0742024331342919,-0.12205214126956411
2023-11-21,0.0042509436581788405,0.9510988500026785,1426440.5654772646,0.07460746908442001,0.07381644287419956,-0.12141724379028328
2023-11-22,0.0004399027917320936,0.9515172410420079,1427068.060664258,0.07425978854415376,0.0715881346543676,-0.11775200293292691
2023-11-23,-0.0011242183581795242,0.9504475278915041,1425463.7245520875,0.07406369542802065,0.06954479822338294,-0.11439101359333971
2023-11-24,0.000618823908431139,0.9510356875454725,1426345.8355854414,0.07406345957086848,0.06746910640995755,-0.11097680438559349
2023-11-27,-0.0030021489467582756,0.9481805367577784,1422063.7329374256,0.07413023406910067,0.06644720096889101,-0.10929591951445373
2023-11-28,0.005428573653650312,0.9533278046385257,1429783.5106518613,0.07430366541567808,0.06779302466253129,-0.11150960249817518
2023-11-29,0.0034469532583424915,0.9566138810209931,1434711.9075826274,0.07338451483673801,0.06708046085826107,-0.11033753934028696
2023-11-30,0.006745945951493696,0.9630671465588094,1444390.3965671444,0.07350942233428669,0.07012758816629582,-0.1153496177446908
2023-12-01,-0.0007407467586060843,0.962353757691676,1443320.4690627255,0.07112674833276396,0.06805219683023667,-0.11193590277823025
2023-12-04,0.0014867356791540272,0.9637845233592041,1445466.3051005343,0.07087350619113363,0.06623183761598765,-0.10894167832231823
2023-12-05,0.004156877879404945,0.9677908579248689,1451474.932009632,0.07078635610306072,0.06621725563000298,-0.10891769308978318
2023-12-06,-0.0005743651192744231,0.9672349926133241,1450641.2554371844,0.0707182693047424,0.06423884684335934,-0.10566350022147973
2023-12-07,0.0036542597278123577,0.970769520494162,1455942.2753564317,0.07052882770001018,0.06388222141788596,-0.10507690359692673
2023-12-08,0.0032373369674531774,0.9739122285497346,1460655.6511069213,0.07051981728770003,0.06320241140310523,-0.10395871562847671
2023-12-11,0.00014072456159878972,0.9740492819211329,1460861.2012330699,0.07039847152174473,0.061279454247620206,-0.10079573257680488
2023-12-12,0.004293222783620548,0.978231092490646,1467133.003825911,0.07049592808652633,0.061713446359641606,-0.1015095860763316
2023-12-13,0.00124195766994022,0.9794460140989388,1468955.1209128352,0.07049919831500272,0.060027980732814526,-0.09873724182694305
2023-12-14,0.0035507647073968794,0.982923796438602,1474171.0349129224,0.07056079854924596,0.059814620823765374,-0.09838629600669752
2023-12-15,-0.0004315833128805171,0.9824995829302259,1473534.8072939224,0.07055087737651512,0.058016703068450415,-0.09542898446590725
2023-12-18,0.0015347454162637462,0.9840074696616091,1475796.3080851217,0.07046214726190919,0.056564970133348796,-0.09304109628224046
2023-12-19,0.00024770728642909974,0.984251215481745,1476161.8735839196,0.07043105465337726,0.05485023084157954,-0.0902206011388976
2023-12-20,0.0003427356567727766,0.9845885534685125,1476667.8068931652,0.06995180540436147,0.05319596667323323,-0.08749957872165731
2023-12-21,0.0014424243850108252,0.986008748007238,1478797.7885463885,0.06984408767167449,0.051879482053399095,-0.0853341542198973
2023-12-22,0.0,0.986008748007238,1478797.7885463885,0.06982535599539155,0.05029902399810411,-0.08273453205540067
2023-12-25,0.0,0.986008748007238,1478797.7885463885,0.06978612606064842,0.0487667128722831,-0.08021410454247589
2023-12-26,-2.012876884584496e-06,0.9860067632930212,1478794.811908503,0.06936155860384435,0.04728108117187779,-0.07777045785175014
2023-12-27,0.0020867695367592057,0.9880643321696996,1481880.7158731113,0.06936256602876306,0.04655332700379312,-0.07657340876884701
2023-12-28,0.0016193533052030397,0.9896643574117518,1484280.404308277,0.0691361171975932,0.045572235792767285,-0.07495965733202095
2023-12-29,0.0,0.9896643574117518,1484280.404308277,0.06911431802376232,0.04418392175157255,-0.07267608394601414
2024-01-01,-0.0036916351460487802,0.9860108776871389,1478800.982601141,0.069045875896259,0.04517901786521418,-0.07431287139770289
2024-01-02,-0.006231879200577805,0.979866177006937,1469585.2735158752,0.06935752640209271,0.050058767097108756,-0.08233934462039834
2024-01-03,-0.0034157217175267594,0.9765192268258645,1464565.5791813694,0.06942875058965468,0.050318333816136054,-0.0827662938796263
2024-01-04,-0.0011036503103056276,0.9754414910781586,1462949.2109254429,0.06938302096749677,0.04897382395305027,-0.0805547719548576
2024-01-05,0.004604339888165422,0.9799327552441013,1469685.126331667,0.06891794838232299,0.05074517017312717,-0.08346837720953788
2024-01-08,0.0020840718954823695,0.9819750055587682,1472748.0557986633,0.0688869466678418,0.049862204842036344,-0.08201602848222073
2024-01-09,0.0015856991875980255,0.9835321225273242,1475083.3911942798,0.06877506107493751,0.048734827519476706,-0.08016165780426567
2024-01-10,0.003920072362981846,0.9873876396189484,1480865.8248291938,0.06886155334914174,0.04964803072064147,-0.08166374340184523
2024-01-11,0.0022667221991090063,0.9896257731007986,1484222.536268236,0.06881427022411399,0.04893585929451035,-0.08049232564856225
2024-01-12,-0.001741753833828674,0.9879020886164446,1481637.385975436,0.06828604362599865,0.04792603312147875,-0.0788313094052607
2024-01-15,-0.0009551993246978293,0.9869584452085306,1480222.1269449054,0.0682541602777256,0.04661422449846662,-0.07667357623383297
2024-01-16,-0.007534814261784406,0.9795218966397848,1469068.928152192,0.06856355957695728,0.053860253681907284,-0.08859223361721157
2024-01-17,0.006694281823822196,0.9860790922684964,1478903.2895758632,0.06884912958284016,0.05834766539157619,-0.09597336904348497
2024-01-18,0.003193957431310072,0.9892285869131069,1483626.843727793,0.06865486614680413,0.05791742033067258,-0.09526567889457971
2024-01-19,0.00534008305361741,0.9945111497262354,1491549.5342938756,0.06788388991898425,0.059869281384897235,-0.09847620462892646
2024-01-22,0.0008853760074412025,0.9953916660373359,1492870.1164654496,0.06784918687516057,0.058147428322038654,-0.09564400837340602
2024-01-23,0.0030518466113683734,0.9984294487203164,1497426.127071598,0.06784252439880395,0.05761145865269212,-0.0947624167188454
2024-01-24,0.004449969033919774,1.0028724288496753,1504089.626967649,0.06791751424386881,0.058475165407190666,-0.09618308790660482
2024-01-25,0.0019577403696481523,1.0048357926892415,1507034.2439499327,0.06792859747052908,0.05720258216631021,-0.09408987474724494
2024-01-26,0.006183501213709409,1.0110491960329142,1516352.992026499,0.06817415868551528,0.06044775325195779,-0.0994277061775504
2024-01-29,-7.710304200869798e-05,1.0109712410642797,1516236.0765980547,0.06786933591327893,0.058607037248060746,-0.09639999778235274
2024-01-30,-0.0015373064304182566,1.0094170684744237,1513905.1571274686,0.06783024015167557,0.057135198945628324,-0.09397903921231067
2024-01-31,0.001256361726571765,1.0106852614454032,1515807.169624543,0.06776527215322925,0.05560963185362658,-0.09146970464787378
2024-02-01,0.003199419372520215,1.0139188674503923,1520656.8724480448,0.06781006726957879,0.05533225011409235,-0.09101345228755081
2024-02-02,0.0009615581059370747,1.0148938093561517,1522119.072390096,0.06774664535364343,0.053776744725867756,-0.08845487360798703
2024-02-05,0.0008274505575990634,1.0157335838046073,1523378.5506652775,0.0676986355539143,0.05223767072491387,-0.08592332215537131
2024-02-06,0.0020342697562842254,1.0177998599145832,1526477.513578268,0.06771259146570138,0.05126029828248991,-0.08431568754856783
2024-02-07,0.0011437690959553183,1.018963987940221,1528223.4513839693,0.0672872765715445,0.04989730515019029,-0.08207376335139485
2024-02-08,0.00017972870630834776,1.0191471250195483,1528498.1170078365,0.06722956651352162,0.04838227977833955,-0.07958176837358268
2024-02-09,0.0021580665379626646,1.0213465123273138,1531796.71764749,0.06701946733053153,0.04765303600827835,-0.07838226911346574
2024-02-12,-0.005894198626837575,1.0153264931168287,1522768.0035377378,0.06686187184604499,0.05157378832923211,-0.08483133278896493
2024-02-13,0.0048516628895699,1.0202525149842807,1530155.9605499262,0.06691517169470508,0.05344313232064704,-0.08790613003326372
2024-02-14,0.003191498888880001,1.02350864975223,1535039.4515978345,0.0668778065219168,0.05328044222273826,-0.08763852863564937
2024-02-15,3.0704008274507486e-05,1.0235400755702813,1535086.583461858,0.06682435394345976,0.051657443162280034,-0.08496893274451583
2024-02-16,0.0012575086192522175,1.024827186037461,1537016.9680718598,0.06682777853716322,0.05032188017875971,-0.08277212712705029
2024-02-19,-0.004642003633629023,1.0200699345160333,1529882.129721121,0.06644381554629641,0.05202079060165275,-0.08556658609801157
2024-02-20,-0.0016499155367408341,1.0183869052825132,1527357.9534259122,0.06647590737547608,0.050842431871277155,-0.08362835846650334
2024-02-21,0.011410734314042357,1.0300074476875918,1544786.2292348947,0.06736803887022852,0.06632158887109621,-0.10908930599980698
2024-02-22,0.0033366469391362275,1.0334442188852062,1549940.6354782912,0.06734781994542657,0.06559705877443804,-0.10789756004248328
2024-02-23,-0.003073844984605274,1.0302675715561167,1545176.3582294905,0.0673711469308411,0.06471211109852745,-0.10644195064809948
2024-02-26,-0.0010748777025148199,1.0291601599158269,1543515.4826155766,0.06502751525613192,0.06287977585473933,-0.10342802737656359
2024-02-27,-0.0009956765154071935,1.028135449314006,1541978.6404983688,0.0641819154136764,0.061087016025298466,-0.10047919986885487
2024-02-28,0.0033631411277063525,1.031593213928447,1547164.5322822738,0.06396009199978107,0.06065265091724218,-0.09976473284544732
2024-02-29,0.002521066240254905,1.0341939287537578,1551065.0365527302,0.06376145747638505,0.059616429616083544,-0.09806030047991217
2024-03-01,0.0011849770294963895,1.0354194248033757,1552903.0129923,0.06372087116684187,0.0579836407573313,-0.09537460180354758
2024-03-04,-0.0023966773575287187,1.032937858512404,1549181.2055026235,0.06360959483515422,0.05698444189208545,-0.09373106592600215
2024-03-05,0.0016367256275042783,1.0346284943770507,1551716.7900833176,0.06360344234352074,0.05561382513161209,-0.09147660197637707
2024-03-06,0.0075265268356796405,1.0424156535049385,1563395.8281452544,0.06337584760560806,0.0613502273360078,-0.10091214394792977
2024-03-07,0.00015751390267099312,1.0425798484627273,1563642.084723565,0.06337400354752558,0.05948440554138209,-0.09784314020179456
2024-03-08,-0.005101895811272649,1.037260714700938,1555664.5457211842,0.06361346162506669,0.06098897001757305,-0.10031792853743961
2024-03-11,0.005135427968136607,1.0425874923854626,1563653.5489383193,0.06357373727403584,0.06241177107020725,-0.10265822800929535
2024-03-12,-7.433076162343487e-05,1.0425099960630946,1563537.3213791116,0.0635000969387579,0.06051114707154706,-0.09953197973162813
2024-03-13,0.0004838480824042565,1.0430144125255771,1564293.8359138288,0.06335913377325275,0.058697893317524036,-0.09654944271773998
2024-03-14,-0.0023919395102041073,1.0405195851425448,1560552.1396821376,0.06335383493100567,0.05766474890276,-0.0948500713799507
2024-03-15,0.0019144114016299803,1.042511567699961,1563539.678491183,0.06319751008014353,0.056401455309630734,-0.09277213833138746
2024-03-18,-6.080684734911888e-05,1.0424481758582043,1563444.6045726289,0.06281218925083043,0.054683749589299155,-0.08994676384726479
2024-03-19,0.0034821477239957424,1.0460781344011523,1568888.7496440348,0.06287130944586546,0.05471954905606043,-0.09000564873001
2024-03-20,0.00663085465870999,1.0530145264720208,1579291.8229186095,0.0631485249647818,0.05898622717165979,-0.09702370970348807
2024-03-21,0.0012658374817876527,1.0543474717284957,1581290.9497027404,0.06300056771751339,0.05740069607943294,-0.09441574313579441
2024-03-22,-0.0014871727294563525,1.0527794749211699,1578939.2969250062,0.06298389107203596,0.05595167691055078,-0.09203231870033637
2024-03-25,0.0003680816569678855,1.0531669837347204,1579520.4755176697,0.06298107730411508,0.0542660414978114,-0.08925969517797416
2024-03-26,0.002372800018855469,1.055665938373584,1583268.3617317607,0.06300064363954314,0.053415759704280176,-0.08786110608595353
2024-03-27,0.0025237756646400962,1.0583302023788408,1587264.175893694,0.06294982738575959,0.05271010085392798,-0.08670040056656132
2024-03-28,0.0,1.0583302023788408,1587264.175893694,0.06291391095370012,0.05110433877797462,-0.08405915699190832
2024-03-29,0.0,1.0583302023788408,1587264.175893694,0.06291471644190146,0.049547494702829396,-0.08149837636830777
2024-04-01,-0.006515510983379991,1.0514346403211987,1576922.338722133,0.06302825947424275,0.05430956949146499,-0.0893312923562092
2024-04-02,-0.0020642497840919144,1.0492642165919288,1573667.1771248959,0.06307953443893315,0.053263362787803734,-0.08761043546515104
2024-04-03,0.0008043502374033913,1.0501081925136433,1574932.9566924102,0.06307985401603725,0.051735374673960444,-0.08509711867415716
2024-04-04,-0.0024513600794029604,1.0475339992114614,1571072.2289146383,0.06301892778744256,0.0510569742052558,-0.08398124920268275
2024-04-05,0.0010972576721146538,1.0486834139288972,1572796.0999712613,0.06297400343312352,0.04968510664817931,-0.08172472787572843
2024-04-08,-5.398825968595149e-05,1.0486267973364176,1572711.187446983,0.06297673191337401,0.048171955574001446,-0.07923581584324145
2024-04-09,-0.002453107454859356,1.0460544031225063,1568853.157908716,0.06303773942436032,0.047668577023266226,-0.07840783180833505
2024-04-10,0.0021553626597411273,1.0483090297230542,1572234.6054238891,0.06288221183098304,0.04697017024501832,-0.0772590548860465
2024-04-11,0.00232545781161853,1.050746828145214,1575890.770668769,0.06252907123561707,0.046428334259292346,-0.07636781399971229
2024-04-12,-0.0030693161176531046,1.0475217539700148,1571053.8637266944,0.062363982161940036,0.04656925708957074,-0.07659961142821599
2024-04-15,-0.013210716028123716,1.0336832415450348,1550299.1172681144,0.06380915628552437,0.06839124185127476,-0.11249358221078459
2024-04-16,0.0004446288938761239,1.0341428469813414,1550988.4250498028,0.06380675124338785,0.06633030521883207,-0.10910364311599408
2024-04-17,-0.0037990558572741618,1.0302140805412587,1545096.1333890527,0.06394948590333772,0.06598447655943533,-0.10853480559128159
2024-04-18,-0.004291831477786478,1.025792575321533,1538464.8411675675,0.06401409800570425,0.06611521526026114,-0.10874985161751784
2024-04-19,0.00384093977311865,1.0297325828230552,1544373.9919655528,0.06408228287138998,0.06581801424310267,-0.10826099944651107
2024-04-22,0.004945802573082648,1.0348254368807686,1552012.1608288179,0.06407258838995812,0.06664788094755529,-0.10962600870521623
2024-04-23,0.002102503702403086,1.0370011611931513,1555275.2721431353,0.0640335414419523,0.06513264845813833,-0.10713367304932404
2024-04-24,-0.011414169236170703,1.0251646544411872,1537523.096978062,0.06513967976324204,0.07718554954611885,-0.12695893111917614
2024-04-25,0.012247896238867542,1.0377207647565372,1556354.5203347113,0.0661878645605064,0.08870354144340745,-0.14590434186662896
2024-04-26,-1.2546078449693734e-05,1.0377077454304138,1556334.994188804,0.0661774387611337,0.08600128801263977,-0.1414595305100887
2024-04-29,-0.0019194012376690748,1.0357159678994958,1553347.7628747302,0.06613362833503672,0.08371470489546906,-0.13769843597648443
2024-04-30,0.0,1.0357159678994958,1553347.7628747302,0.06613549748257053,0.08116441773637215,-0.1335035868930761
2024-05-01,-0.0009828518073939079,1.034698012588499,1551821.0522184775,0.06614607145026166,0.07878457227469503,-0.1295890894538525
2024-05-02,0.0060501687422576,1.040958110161938,1561209.831442187,0.06636682694199253,0.0799252711214466,-0.13146537208919118
2024-05-03,0.002837085961319671,1.0439113978026002,1565639.1179376456,0.06640415079079216,0.07827175585161947,-0.1287455815003964
2024-05-06,0.004577130940670494,1.0486895169608013,1572805.2531862825,0.06561382666947246,0.07794642576671294,-0.12821046113028145
2024-05-07,0.002184703957724904,1.0509805930989302,1576241.367047649,0.06562052862448521,0.07604783555875771,-0.12508755814063174
2024-05-08,0.0,1.0509805930989302,1576241.367047649,0.06546233235562239,0.07373111184591219,-0.1212768867389133
2024-05-09,0.002203447023359441,1.0532963731584026,1579714.5313959662,0.06453750729354364,0.07199659898217743,-0.1184238669640052
2024-05-10,-0.0010913002879351815,1.0521469105230938,1577990.5884729985,0.0644994432651127,0.06993215695979871,-0.11502816201586454
2024-05-13,-0.00037109550296468585,1.0517564635361405,1577405.0032618956,0.06416284329714944,0.06781709410681168,-0.11154919321089848
2024-05-14,0.006183200567861756,1.0582596846987293,1587158.4147738123,0.06440639242498437,0.07000911464341054,-0.11515474614087524
2024-05-15,0.0013510987504464053,1.0596894980363736,1589302.8225247737,0.0643433528113728,0.068079369907831,-0.11198059851346673
2024-05-16,-0.0023629153713439805,1.0571855414326117,1585547.4344557095,0.06429565138344723,0.06664182683148041,-0.10961605057043249
2024-05-17,0.0,1.0571855414326117,1585547.4344557095,0.064279140331193,0.0646116482992271,-0.10627670404829659
2024-05-20,0.0012749016590148411,1.0585333490332705,1587568.8515103436,0.06348320152009984,0.06283916420966873,-0.10336122716487274
2024-05-21,0.000983578698119917,1.059574499886629,1589130.3504144878,0.06346982567016132,0.06104475745510999,-0.10040969070641058
2024-05-22,-0.0007956237470037575,1.0587314772527996,1587866.0005706137,0.06345575607823276,0.05926589130619652,-0.09748371626950905
2024-05-23,-0.00196215105621261,1.0566540861664626,1584750.3676204702,0.06343106847580189,0.05796474497138706,-0.0953435210015031
2024-05-24,0.0031357364506536586,1.059967474900187,1589719.7271134045,0.0633342309185653,0.05750643016560133,-0.09458966023092089
2024-05-27,-0.003336495377779147,1.0564308983195863,1584415.6345919264,0.0634148908964004,0.057244117650893246,-0.09415819453970853
2024-05-28,-0.004763861196269017,1.0513982081565418,1576867.6984315317,0.06349150063726963,0.05850995243745235,-0.09624030747950162
2024-05-29,-0.0013020114807162208,1.0500292756187175,1574814.5985846033,0.06347046767329056,0.05695297689389757,-0.0936793106096108
2024-05-30,-0.0004533493451168714,1.0495532455342622,1574100.6574176543,0.06347422664493985,0.05524609150774512,-0.09087173399140748
2024-05-31,0.004243553721738054,1.0540070811155113,1580780.4381208294,0.06355678832586643,0.05604712246492269,-0.0921893126666214
2024-06-03,-0.0007684029263122392,1.0531971789900283,1579565.76180632,0.06353319583249112,0.054421784441672894,-0.08951586952405685
2024-06-04,0.004836327060351606,1.0582907850066636,1587205.0584437486,0.06345050248498327,0.05601503745904931,-0.09213653752833982
2024-06-05,0.00442865344104261,1.0629775881333072,1594234.239587466,0.06351875400595043,0.05697342776956546,-0.09371294930662746
2024-06-06,0.00024455651534361603,1.0632375462281496,1594624.1199577411,0.06316466520023993,0.05524597164122881,-0.09087153682853337
2024-06-07,-0.0006275381101571835,1.0625703241477416,1593623.432551092,0.06310141950577795,0.05361851025010704,-0.08819460105662325
2024-06-10,-0.0007430000682842183,1.0617808343243431,1592439.3702318876,0.0631000063939593,0.05206529500249301,-0.08563978932314897
2024-06-11,0.005450447585496839,1.0675680151091131,1601118.877552418,0.06328093048411637,0.054747811056614665,-0.09005213558412653
2024-06-12,-0.002252407585676022,1.0651634168136563,1597512.50524705,0.06329324350114283,0.053797698244900286,-0.08848933907976507
2024-06-13,-0.002484642149046719,1.0625168668926184,1593543.2583428838,0.06302663902181373,0.053046047721184764,-0.08725298398963162
2024-06-14,-0.002869395110057792,1.0594680861904027,1588970.753109729,0.06311135758489039,0.05262641558689741,-0.08656275055156368
2024-06-17,0.0045559077360788226,1.0642949250404061,1596209.9572562245,0.06300723768254679,0.05401113158444498,-0.08884040568242753
2024-06-18,0.00021886777873902794,1.0645278649065728,1596559.31618397,0.0630027963119339,0.05237265016423644,-0.08614534357570491
2024-06-19,0.0033367589771338226,1.068079937816209,1601886.6498147736,0.06306421946144523,0.05240864717128006,-0.0862045533833
2024-06-20,-0.0011039673843272397,1.0669008124010055,1600118.219199989,0.0630262633859902,0.05099307518896842,-0.08387614467398383
2024-06-21,0.0001718903656861262,1.0670842023718001,1600393.2641058285,0.06179232397977608,0.04944413491088787,-0.08132836463965182
2024-06-24,0.0008593614009085619,1.0680012133468377,1601768.580303275,0.06166703084311201,0.048054190771114225,-0.07904210998008518
2024-06-25,0.00031136612028174646,1.0683337527410939,1602267.3167717136,0.06166260472517677,0.04660599534736249,-0.07666004048479262
2024-06-26,-0.00024799204772436585,1.0680688144660986,1601869.9672188254,0.06151404412641572,0.04519647654508764,-0.07434158837061454
2024-06-27,-0.001769181925607356,1.0661792064242404,1599035.9678256488,0.061423549272551586,0.04435632782233189,-0.0729596666968111
2024-06-28,-0.0013763080094623312,1.0647118154429165,1596835.201815712,0.06113348305776465,0.04333676652789981,-0.07128263760376516
2024-07-01,-0.0013890008447224567,1.0632329298318803,1594617.1963715076,0.0611627643085371,0.04236227307473487,-0.06967973851288634
2024-07-02,0.004285620161177878,1.067789542311996,1601451.1199776381,0.06122807536403999,0.04432370164082955,-0.0729060014038334
2024-07-03,0.0022350244482264967,1.0701760780446241,1605030.402383428,0.06124370397550483,0.043843409357038204,-0.0721159908988424
2024-07-04,0.001983368844691154,1.0722986319361516,1608213.7696782975,0.06106001531225623,0.04320171436531638,-0.07106049656431215
2024-07-05,0.0020282983041632016,1.0744735734328643,1611475.7069400682,0.06099728171103534,0.04262168942080976,-0.07010644043061812
2024-07-08,-0.003328435414999782,1.070897257538569,1606112.0141266768,0.061102502509368314,0.04330263911983314,-0.07122650301282824
2024-07-09,0.0026077845835819147,1.073689926897378,1610300.408276622,0.06112548789020952,0.043190688869605115,-0.07104236123770255
2024-07-10,0.004208049017713719,1.0782080667395877,1617076.6313278943,0.06109017449109987,0.04495830824351656,-0.07394983637595048
2024-07-11,0.0020768792884481623,1.080447374742037,1620435.104291333,0.06094683947688679,0.04433050301894351,-0.0729171886752924
2024-07-12,-0.0017118850214947838,1.0785977730647027,1617661.1057079923,0.060326675405886536,0.04349243127399681,-0.07153868332597128
2024-07-15,0.0011601880056542775,1.0798491492639377,1619537.896720048,0.06032508924513954,0.04240811420913901,-0.06975514046907455
2024-07-16,-0.007693875675085855,1.0715409241616538,1607077.373491594,0.06082743660758458,0.05084860437728236,-0.08363851133539338
2024-07-17,-0.0034967679489815865,1.0677939942020231,1601457.796840435,0.060933136238863296,0.05114023667006274,-0.08411820376990936
2024-07-18,-0.006703330640978832,1.0606362180024356,1590722.69572064,0.060693925338106296,0.05601621172460391,-0.09213846902329631
2024-07-19,0.004659388059531803,1.065578133732103,1598134.490055107,0.060532658526076116,0.057252079288647506,-0.0941712902684451
2024-07-22,0.003118881637657704,1.0689015458068898,1603118.8823706475,0.06053876749785877,0.056817349195319854,-0.09345622289769016
2024-07-23,-0.007576630428446397,1.060802873829916,1590972.6430660612,0.06104350656509866,0.06246988914760203,-0.1027538237396896
2024-07-24,-0.008874030697949457,1.0513892765630763,1576854.3029918952,0.061747097274982385,0.06970662767572293,-0.11465719935496871
2024-07-25,0.00528869988406707,1.056949758908145,1585193.8121613192,0.06193238994522266,0.07064265527236437,-0.11619682774223106
2024-07-26,0.005135033958204012,1.0623772318122537,1593333.8362171024,0.062077787223867975,0.07134181438621671,-0.11734684214646726
2024-07-29,0.001934786229442445,1.0644327046508373,1596416.59658232,0.06180292059596982,0.06957639907654554,-0.11444299237127899
2024-07-30,0.006506823964713655,1.0713587808822844,1606804.1983506286,0.06209096475835344,0.07204571334499776,-0.11850465290182564
2024-07-31,-0.00044050249058116137,1.0708868446709998,1606096.397099379,0.0620964805771462,0.06987190883654633,-0.11492906267181584
2024-08-01,-0.027482768106062944,1.0414559098510732,1561956.4222619133,0.06779950682590864,0.12652799284112262,-0.20812002793561044
2024-08-02,-0.027697136175686213,1.0126105636949547,1518694.7025340374,0.07320984468556964,0.1632415356882498,-0.2685084320459459
2024-08-05,0.011738185600000107,1.0244967744321267,1536521.4228221187,0.07385336079551139,0.1647186697926391,-0.2709381014350443
2024-08-06,0.007337026625828782,1.032013534544211,1547794.9214125208,0.07412930661856004,0.16222898931671825,-0.2668429414742756
2024-08-07,0.0005941615355584077,1.032626717290613,1548714.561619757,0.07401416604378273,0.15730380797960458,-0.2587417390885305
2024-08-08,0.00628465991163233,1.0391164250244498,1558447.7059397302,0.07404465080615241,0.1544571543279871,-0.2540594105049928
2024-08-09,0.00030325563886216206,1.039431542939773,1558920.3139944284,0.07404475751153497,0.14975640976857096,-0.2463273737670648
2024-08-12,0.006898931264155587,1.0466025097083096,1569675.1980869716,0.07429736108272066,0.1476516289913028,-0.2428653174716375
2024-08-13,0.0009496277293719699,1.0475963924731588,1571165.8051811825,0.07422665570465627,0.14320118156904152,-0.23554498288757422
2024-08-14,0.0,1.0475963924731588,1571165.8051811825,0.0740563085362488,0.13883869641163304,-0.22836933335388893
2024-08-15,0.014007034017569229,1.0622701107792132,1593173.1780615968,0.07526893509304086,0.1452105755861441,-0.23885014192458
2024-08-16,0.002244226470199666,1.0646540854803257,1596748.6194794145,0.07518561692440648,0.14105707075162738,-0.23201823443296468
2024-08-19,0.0011729751606612078,1.0659028982772907,1598621.5659478842,0.07518712411401493,0.13683594024191173,-0.2250750926042234
2024-08-20,0.0003144418903308612,1.0662380627995343,1599124.2395350046,0.07518216796636062,0.13267300039927582,-0.21822766590528292
2024-08-21,0.0009185714960170568,1.0672174786919904,1600593.1494800316,0.07516518740104317,0.1286808275780019,-0.21166112596079342
2024-08-22,-0.0005069909201761083,1.0666764091204401,1599781.6632863488,0.07509795282078578,0.12477626570879655,-0.20523869320857457
2024-08-23,-9.851822682223972e-05,1.0665713220520205,1599624.0556335791,0.0750077382267694,0.12097568442106232,-0.19898729329292106
2024-08-26,-0.0002679482401566929,1.066285536143275,1599195.4391829597,0.07501149276355702,0.1172949052905478,-0.19293295039008695
2024-08-27,0.0018320100206728257,1.068238981930388,1602125.181252557,0.07501958601545222,0.11394452938514857,-0.1874220724304402
2024-08-28,0.003920621633247169,1.0724271427924221,1608406.507897346,0.07509150484649474,0.11152025866469768,-0.1834345019431943
2024-08-29,0.004437252952686106,1.0771857732983185,1615543.414423633,0.07510854734042509,0.10949092609134209,-0.1800965468996196
2024-08-30,-0.0013109584892686504,1.0757736274642937,1613425.5040697122,0.07470048483250179,0.10627771333032002,-0.17481128223548567
2024-09-02,-0.004195568906932891,1.071260145082006,1606656.2661911848,0.07484959228251759,0.10432358085172631,-0.17159702034052715
2024-09-03,-0.010329859597030476,1.0601941781914144,1590059.7325407406,0.07507005031298294,0.10882922156672555,-0.17900813981233388
2024-09-04,-0.0020083067425324384,1.0580649830749589,1586866.4048588497,0.075069498356502,0.10580243344755985,-0.17402951639651054
2024-09-05,-0.0038161743371012136,1.0540272226395628,1580810.6460082193,0.07516784553774149,0.10364700185581642,-0.1704841469251856
2024-09-06,0.0018986219689894823,1.0560284218803793,1583812.007829543,0.07451641822217543,0.10076032333245798,-0.16573598328619654
2024-09-09,0.001766964502253505,1.0578943866152128,1586610.5474256207,0.074486574355548,0.09793207490979029,-0.1610839286102518
2024-09-10,0.0019625809264788296,1.0599705899606127,1589724.3990237482,0.07447644404921823,0.09525485750915907,-0.15668029785868595
2024-09-11,0.003906708681352139,1.06411158626639,1595934.9891343717,0.07437476952559,0.09359404697320906,-0.15394850762494935
2024-09-12,0.005143473227092811,1.0695848157209902,1604143.6380231648,0.07450710493494828,0.09292071499283516,-0.15284097507488895
2024-09-13,-8.597053794198339e-05,1.0694928629390081,1604005.7289316677,0.07444582889226196,0.09009059580967356,-0.14818584327176063
2024-09-16,0.0004767149101159001,1.0700027061330337,1604770.382378561,0.07420683712569257,0.08736574010475795,-0.14370385448261078
2024-09-17,-0.002694741759637455,1.0671193251578919,1600445.940614536,0.07412596549486906,0.08534988014038021,-0.14038805990877778
2024-09-18,0.010156904272801883,1.0779579539911774,1616701.516827152,0.07449113472110633,0.09169158048641274,-0.1508192287239888
2024-09-19,-0.0046846596632186144,1.0729080878454693,1609127.8204438076,0.07451968744368498,0.09074540867865105,-0.14926291459427277
2024-09-20,0.0019543008897329565,1.0750048730761474,1612272.540374995,0.07449939905723409,0.08830851102073156,-0.14525457464313435
2024-09-23,0.0016097649604286692,1.0767353782531155,1614867.920217152,0.07450516647808264,0.08584678583992095,-0.14120539705092022
2024-09-24,0.00018713607205154362,1.0769368742824408,1615170.1202566235,0.07440657433875549,0.08323472742895237,-0.13690894329982947
2024-09-25,0.009087676448240076,1.0867237281510986,1629848.2637183808,0.07467480087761215,0.08809674688116888,-0.14490625363011642
2024-09-26,-0.0004753356834128337,1.086207169585097,1629073.538680087,0.07457931701196897,0.08543296098510855,-0.1405247157375594
2024-09-27,-0.0026174473258282227,1.0833640795337711,1624809.5245026913,0.074631423526039,0.0834532859841844,-0.13726844013210415
2024-09-30,0.00013895767007838936,1.0835146212821096,1625035.3042485374,0.0745704982547563,0.0809127667645432,-0.1330896578793374
2024-10-01,-0.003629816834730538,1.0795816616691032,1619136.7237441447,0.07457230562173073,0.07970745175385767,-0.13110709111239224
2024-10-02,-0.001593801293787525,1.0778610230199857,1616556.141539022,0.07442585390338846,0.07752734358413246,-0.12752113228227321
2024-10-03,0.003775152695651494,1.0819301129665773,1622658.8878144252,0.07436321838955147,0.07658555026162399,-0.12597202011990646
2024-10-04,-0.0017972092428724658,1.0799856581674117,1619742.630263216,0.07421674696522504,0.07458057840615899,-0.12267413489150925
2024-10-07,0.0005962654823803081,1.0806296163368427,1620708.426883982,0.07375311038167476,0.07234571459003447,-0.11899811103781423
2024-10-08,0.0027983681035277136,1.0836536157869272,1625243.7656508929,0.07339830204122617,0.07098077782648989,-0.1167529898517385
2024-10-09,0.0009043895528365835,1.0846336607959386,1626713.6191333605,0.07312478123418903,0.06890820997600469,-0.11334391910576493
2024-10-10,0.0035204708528513685,1.088452081984792,1632440.4170154554,0.07299327285515801,0.06819702220943914,-0.11217411932848606
2024-10-11,0.004932672932584527,1.0938210601080136,1640492.7116745245,0.07304651287803901,0.06884527927999914,-0.11324040732219362
2024-10-14,0.0013615127950155328,1.0953103114768081,1642726.2634915991,0.0729397390201471,0.06695760081277205,-0.11013545254885694
2024-10-15,-0.004538336558691541,1.0903394246471212,1635271.0188340726,0.07313364469737561,0.06727362147299416,-0.11065526027801488
2024-10-16,0.004991784633205376,1.0957821642320529,1643433.939577015,0.0730587074947679,0.06805111680395583,-0.11193412629308501
2024-10-17,0.00011364524528993219,1.0959066946648914,1643620.708030196,0.0730576028416635,0.06597948549985343,-0.10852659602882596
2024-10-18,-0.0012763197425505232,1.0945079673144973,1641522.922471272,0.07102125426358245,0.06416170582136678,-0.10553661453166852
2024-10-21,-0.004223039243541612,1.0898858172161592,1634590.7067505028,0.07116039510442974,0.0643379514678175,-0.10582651282246738
2024-10-22,-0.002588867805867813,1.0870642469118963,1630358.9674940256,0.07122678694119622,0.06318502587519112,-0.10393011897983072
2024-10-23,-0.000744782516976566,1.086254620465966,1629144.7046386402,0.0711749354020094,0.06132857155872542,-0.1008765233641224
2024-10-24,-0.001638885073912989,1.0844743739820153,1626474.7236989634,0.07119870069146884,0.05980078206751836,-0.09836353327829213
2024-10-25,0.0024694530569375015,1.0871524325400157,1630491.2266774336,0.07122261135174372,0.05876878663796975,-0.09666605185300174
2024-10-28,0.0010106213412465822,1.0882511319895287,1632139.035907829,0.0712105155372483,0.05711380708412732,-0.09394385273133349
2024-10-29,-0.004939992879304708,1.0828751791466051,1624076.280692409,0.07142804796505221,0.05861099818775024,-0.09640651294836713
2024-10-30,-0.012741894128746193,1.069077298259272,1603382.4726668184,0.0722423568715626,0.0753920067188599,-0.12400881569466644
2024-10-31,0.0,1.069077298259272,1603382.4726668184,0.07221779879818312,0.07309526236914998,-0.12023100742086579
2024-11-01,0.004871100878024127,1.0742848816254984,1611192.7104372343,0.07234779001826523,0.07335600866371297,-0.12065989690919189
2024-11-04,0.0002825244199875764,1.0745883933385811,1611647.9117232389,0.07232778800699786,0.07112977318166414,-0.1169980654020958
2024-11-05,0.011944810968781236,1.0874241485662568,1630898.741377004,0.07321415730882877,0.08314551704339454,-0.13676220527358293
2024-11-06,0.004231101946798969,1.0920251509982517,1637799.2402166761,0.07329468400844051,0.0822743459255132,-0.13532925630064047
2024-11-07,0.0018352395554805882,1.0940292787509434,1640804.994166258,0.07321284213813484,0.08008651326727416,-0.13173059181757307
2024-11-08,0.005637825214629322,1.1001972246042282,1650055.5659346583,0.0733881367904859,0.08068214756942578,-0.13271032305980388
2024-11-11,-0.0018458822643872119,1.0981663900600032,1647009.757630246,0.07340857656127708,0.07855285157629532,-0.12920794282265002
2024-11-12,-0.005584729896864364,1.0920334273897034,1637811.652996381,0.07366730029530093,0.0791953173212825,-0.13026470493348424
2024-11-13,0.0029997887806893194,1.095309297013325,1642724.742017922,0.07362044695443588,0.07766366720862523,-0.12774536469045933
2024-11-14,-0.006105263345236979,1.0886221453105722,1632695.4748641662,0.07376168387340934,0.07895145934849138,-0.12986359426247773
2024-11-15,-0.005068828006613497,1.0831041068918024,1624419.6223149037,0.07391586952279283,0.07904309805017792,-0.130014326513316
2024-11-18,-0.00016020594330195962,1.0829305871766637,1624159.3806369926,0.07365248440748465,0.07663765798294606,-0.12605772969431525
2024-11-19,0.0035784223850838497,1.0868057702313088,1629971.3089216081,0.07370744818227845,0.07559460296042403,-0.12434205685740994
2024-11-20,0.0026688090072437606,1.0897062472600265,1634321.3910324068,0.07373291462806095,0.07402272744925215,-0.12175655172174267
2024-11-21,0.011791027412559817,1.1025550034931073,1653591.7193550032,0.07450441101973049,0.0851628475043307,-0.14008041859901346
2024-11-22,0.0006053023747768,1.1032223826550436,1654592.6423496397,0.07449621797168111,0.0826019841764649,-0.1358681732660464
2024-11-25,-0.00017926636039840912,1.103024611993795,1654296.0295487037,0.07443357826210092,0.08008862835095994,-0.13173407082064495
2024-11-26,-0.0037303047715983783,1.098909994020484,1648125.001176042,0.07450408982878022,0.07899199001827327,-0.12993026128167126
2024-11-27,0.0018460738288972732,1.100938663000759,1651167.5616074644,0.07451557232474863,0.07692125327326267,-0.1265242024361789
2024-11-28,0.001911899146948631,1.1030435466913928,1654324.4274599708,0.07443177757444926,0.07494755115352734,-0.12327775134601043
2024-11-29,0.008404710480375444,1.1123143083485805,1668228.5453133848,0.07484813744820767,0.07967541256502281,-0.13105439133643265
2024-12-02,0.002095163711582033,1.114644788923306,1671723.757224151,0.07480302538548621,0.07767659546551389,-0.12776662978069278
2024-12-03,0.005561598886471979,1.1208439961401935,1681021.2142108171,0.07496716843481538,0.07835379232762739,-0.12888051949550033
2024-12-04,-0.0028167222331793623,1.1176868899363397,1676286.2443823032,0.07503511204277989,0.07675232043886522,-0.12624633265080906
2024-12-05,0.002173487338930186,1.1201161682405045,1679929.631310891,0.07505288889830553,0.07489253076830273,-0.12318725086581744
2024-12-06,0.0002950191428838472,1.1204466239523891,1680425.2427108255,0.07505302004734442,0.07262006391806114,-0.11944937552507058
2024-12-09,-0.0005767481645749032,1.1198004084185205,1679456.0605363867,0.07505538080856458,0.0704434720213909,-0.11586920044943935
2024-12-10,0.0028974329439674313,1.1230449550125405,1684322.1718541307,0.07509129027746667,0.06922051693316342,-0.11385761833696963
2024-12-11,0.00017519365945446833,1.123241705367941,1684617.2544191182,0.07509025849485768,0.06711523852328616,-0.11039474350874039
2024-12-12,-0.004490470179513223,1.1181978219856008,1677052.5308742556,0.07525605531850195,0.06737263897684106,-0.11081812957834913
2024-12-13,-0.00035717601261525266,1.117798428546229,1676453.5279383317,0.07524434845381074,0.06533496041270762,-0.10746644660157297
2024-12-16,-0.001730286773920942,1.1158643167094058,1673552.7825718469,0.07526891458154984,0.06370090481441294,-0.1047786643240776
2024-12-17,-0.0042794863201997,1.111088990630849,1666390.8363326986,0.07541825847787481,0.06396283831707146,-0.10520950659594558
2024-12-18,-0.006722580299410171,1.1036196056715424,1655188.3901252507,0.07564675897326296,0.06729850985071607,-0.1106961980163797
2024-12-19,-0.006850454459244943,1.0960593098225597,1643849.5974372267,0.07570419344646545,0.07047628185960352,-0.11592316783082307
2024-12-20,0.0057719333588450725,1.1023856911161973,1653337.7877655989,0.07578988980192393,0.07192091450253847,-0.11829937707316712
2024-12-23,-0.00023992066184978734,1.102121206011571,1652941.117869297,0.07577654614573971,0.06973615417761687,-0.11470576612870016
2024-12-24,0.0,1.102121206011571,1652941.117869297,0.07566572688209601,0.06761170958718625,-0.11121136573887291
2024-12-25,0.0,1.102121206011571,1652941.117869297,0.07565000752177724,0.06555198445353813,-0.1078234193822687
2024-12-26,0.0030010509012283106,1.105428727850135,1657901.678300756,0.07568420611885034,0.06461744542982899,-0.10628623947959302
2024-12-27,-0.006039077413977086,1.0987529581870137,1647889.481720735,0.07588407486629517,0.06690532605293024,-0.11004946822053312
2024-12-30,0.004047904803133749,1.1032006055639163,1654559.981468826,0.0759481042140712,0.06674947599254051,-0.10979311768344047
2024-12-31,0.0,1.1032006055639163,1654559.981468826,0.0759177743505489,0.06471601799248863,-0.10644837691680165
2025-01-01,0.003007079032739343,1.106518016973813,1659535.3740975105,0.07594755746021029,0.06382473008902453,-0.10498233877613075
