Date,Bench_rdt,Bench_rdt_cum,Bench_value
2020-01-02,-0.0009140990446241733,0.9990859009553759,1498410.66206224
2020-01-03,-0.0011697805396879033,0.9979171897109618,1496657.8504292988
2020-01-06,9.114226905096033e-05,0.9980081421479571,1496794.25922178
2020-01-07,0.00017582616138512924,0.998183618088622,1497057.4348107623
2020-01-08,0.002004077189419108,1.0001840551084853,1500057.6534671169
2020-01-09,0.0003873582565016567,1.000571484660253,1500638.7131844158
2020-01-10,0.0008067136783138133,1.0013786593630591,1501849.298960549
2020-01-13,0.0006452573358540349,1.0020248062889807,1502818.3782380505
2020-01-14,0.0006796351210908775,1.0027058175395391,1503839.7463885222
2020-01-15,0.0027143500387508033,1.005427512114233,1507921.6938624065
2020-01-16,0.0023326348641200534,1.0077728073823362,1511439.124577873
2020-01-17,-0.00011080053680410988,1.0076611456143016,1511271.656311523
2020-01-20,-6.19320065991147e-06,1.0076549049666297,1511262.2967029037
2020-01-21,0.000804245069388866,1.0084653064555946,1512477.7219535804
2020-01-22,0.0013562045937524827,1.0098329917368498,1514528.9511880423
2020-01-23,-0.00031886132203981065,1.009510995054065,1514046.0264843986
2020-01-24,-0.004081236929064131,1.005390941500754,1507866.8459288077
2020-01-27,0.001263544360705252,1.0066612975551914,1509772.1025786754
2020-01-28,0.0010891381090015954,1.0077576907372159,1511416.4529115015
2020-01-29,-0.000893661307504366,1.0068570966816641,1510065.758508009
2020-01-30,-0.004785597649587244,1.0020386837263142,1502839.191363371
2020-01-31,0.0009196950486204875,1.0029602537422635,1504221.3451265409
2020-02-03,0.00468391740323189,1.0076580367295167,1511266.9936632917
2020-02-04,0.0026272438369190805,1.0103054000962364,1515237.460558333
2020-02-05,0.0028181289658890775,1.0131525710086418,1519507.5951361326
2020-02-06,0.000361961041600376,1.0135192927685441,1520057.5976879878
2020-02-07,0.0025716347777967503,1.0161256942297956,1523966.6306704562
2020-02-10,0.0006262002062176047,1.0167619923490654,1524920.938888851
2020-02-11,0.003165061293022512,1.0199801063752658,1529747.4071274477
2020-02-12,0.0003663750965547728,1.020353801685223,1530307.8684814381
2020-02-13,0.0005638062396920638,1.0209290835253064,1531170.6656063376
2020-02-14,9.73666418885538e-05,1.0210284879617757,1531319.750552206
2020-02-17,-0.00015650212257712303,1.020868694836198,1531080.0957609005
2020-02-18,0.0006327876566871258,1.0215146879453887,1532048.9443468973
2020-02-19,-0.0021732536362195336,1.0192946774353597,1528719.4134077292
2020-02-20,-0.0031878186393846284,1.0160453508636058,1523846.133167279
2020-02-21,-0.010584175473285861,1.0052913485812491,1507717.4782995484
2020-02-24,-0.008141560405100246,0.9971067083420502,1495442.3053761472
2020-02-25,-0.0030811845657343897,0.9940344385419164,1490834.571625876
2020-02-26,-0.015390127983733917,0.9787361213125172,1467890.4367659786
2020-02-27,-0.003994600429728525,0.9748264615817314,1462026.8009964786
2020-02-28,0.008275989950388446,0.9828941155811545,1474126.520108724
2020-03-02,-0.0015324537817724923,0.9813878757766502,1471867.4893481724
2020-03-03,0.012668111429113959,0.9938202067421703,1490513.2707121253
2020-03-04,-0.00929274246694568,0.9845848915024686,1476662.3147438327
2020-03-05,-0.004713942370544386,0.9799436150650174,1469701.4136913756
2020-03-06,-0.029960767622276143,0.9505837521311211,1425668.0311616375
2020-03-09,0.007499858194514113,0.9577129954741136,1436360.339227802
2020-03-10,-0.017502358439955127,0.9409507593447225,1411220.6457217012
2020-03-11,-0.04627612517258181,0.8974072042240502,1345914.822474152
2020-03-12,0.01788835018167957,0.9134603385487721,1369991.018133283
2020-03-13,-0.039678721527095666,0.8772154001494489,1315631.52603015
2020-03-16,0.009688927153970172,0.8857146762598377,1328378.5840473229
2020-03-17,-0.028860600176747582,0.8601524191176251,1290040.780849779
2020-03-18,0.002583056892460014,0.8623742417523931,1293373.0295803077
2020-03-19,-0.0025427214131670305,0.8601814643017256,1290084.3422827811
2020-03-20,-0.013936292137850213,0.848193724123653,1272105.3500062618
2020-03-23,0.033658488133133435,0.8767426425216672,1314922.492833543
2020-03-24,0.00812401073284327,0.8838653091594546,1325604.93727818
2020-03-25,0.021037783801470943,0.9024598764431716,1353492.7273548008
2020-03-26,-0.008066898928593955,0.8951798238327932,1342574.2383226426
2020-03-27,0.011729278197302935,0.9056796370231406,1358321.665064461
2020-03-30,-0.0023783865553352076,0.9035255807510039,1355091.051078451
2020-03-31,-0.0127448046918456,0.892010323690246,1337820.6802927887
2020-04-01,0.0064962904462559975,0.8978050818339967,1346511.5519969785
2020-04-02,-0.004894564443590073,0.8934107170031775,1339920.9644316908
2020-04-03,0.01947778962857771,0.9108123830008821,1366019.6630958118
2020-04-06,0.0018621569238074344,0.9125084585861768,1368563.406069503
2020-04-07,0.009788234969676075,0.9214403057906352,1381959.2262590115
2020-04-08,0.008040523809696803,0.928849168508559,1393070.902321777
2020-04-09,-0.0001850238445296355,0.9286773092644134,1392813.150987727
2020-04-10,-0.0004963622261469449,0.9282163489278148,1392121.8111514961
2020-04-13,0.009638895415250984,0.9371633292378562,1405540.3276944754
2020-04-14,-0.006720714059576838,0.9308649224749275,1396094.0930528368
2020-04-15,0.003217184511881851,0.9338596866861678,1400585.585346136
2020-04-16,0.009435452636218774,0.9426710755287693,1413800.7442996402
2020-04-17,-0.005069455441677379,0.9378922465152181,1406633.544423003
2020-04-20,-0.012089434337414226,0.9265536597854024,1389628.1405508968
2020-04-21,0.007202622040462652,0.933227275597044,1399637.1068240756
2020-04-22,0.00311916862818187,0.93613816883805,1404002.8109785207
2020-04-23,0.003177613931284832,0.9391128545249573,1408464.189870249
2020-04-24,0.00604653466395528,0.9447912329532084,1416980.5174172393
2020-04-27,0.0015099608116527674,0.9462178306901607,1419120.1024694145
2020-04-28,0.009761347338228976,0.9554541915931529,1432972.6267042817
2020-04-29,-0.0034204153067467157,0.9521861414513324,1428071.2651977532
2020-04-30,-0.010902374644382672,0.9418050514060408,1412501.8972456898
2020-05-01,-0.0015861124165046784,0.9403112427200788,1410261.510448132
2020-05-04,0.005597594598178319,0.9455747238529351,1418155.582661035
2020-05-05,-0.002703045184222326,0.943018792649302,1414322.2440428452
2020-05-06,0.0033079000104767145,0.9461382045233864,1419000.680608732
2020-05-07,0.005409036604453222,0.951255900704525,1426676.1072318887
2020-05-08,-8.248812515970066e-06,0.9512480539729454,1426664.3388481592
2020-05-11,-0.004701007121735316,0.9467762300966818,1419957.579630908
2020-05-12,-0.005214479300743595,0.9418392850424065,1412553.2402239887
2020-05-13,0.0011368606174594596,0.9429100250335475,1414159.1163728642
2020-05-14,0.0001327750416963853,0.9430352199514372,1414346.8814085058
2020-05-15,0.007183062476948197,0.949809100854311,1424506.22342174
2020-05-18,0.0005985253529478707,0.950377585681633,1425358.8265118902
2020-05-19,0.006219159805648221,0.9562881357626932,1434223.3608343587
2020-05-20,-0.0028686121450691437,0.9535449160022588,1430109.1302827273
2020-05-21,0.00032776344215347433,0.9538574531661757,1430577.867773924
2020-05-22,0.0014710791786687967,0.9552606530049464,1432682.3610886706
2020-05-25,0.0048081505059461,0.9598536899970026,1439570.9135079992
2020-05-26,0.003644069260123406,0.9633514633229366,1444816.8096216815
2020-05-27,-0.0004012558790017569,0.9629649128847334,1444237.0683827403
2020-05-28,0.0015959197888673607,0.964501727645191,1446541.954899988
2020-05-29,0.0030583871215677937,0.9674515473077508,1450966.0401856613
2020-06-01,0.003401032232619133,0.9707418812036418,1455900.8224567685
2020-06-02,0.0037074287195144303,0.9743408375332516,1461298.4709787094
2020-06-03,-0.0029385588137989297,0.9714776796774741,1457004.359477224
2020-06-04,0.008559711637723986,0.9797932484779985,1469475.8966492559
2020-06-05,0.005414443928624434,0.9850982840835274,1477432.2914961283
2020-06-08,-0.0014099909875456458,0.9837093043811229,1475349.1252804098
2020-06-09,0.00013149835633525695,0.9838386605377607,1475543.1312654049
2020-06-10,-0.017382002320698912,0.9667375746571001,1449895.2371334583
2020-06-11,0.0025371000435094517,0.9691902845998249,1453573.766402674
2020-06-12,-0.001247054017766285,0.9679816519614347,1451761.0813971618
2020-06-15,0.009153082019288088,0.9768416674150036,1465049.1696476003
2020-06-16,0.001430184506995012,0.9782387312335277,1467144.4602720162
2020-06-17,0.001369830591831064,0.9795787525736853,1469154.1996363322
2020-06-18,-0.0014949054756743757,0.9781143749326087,1466957.952978686
2020-06-19,0.0004477573395896854,0.9785523328229431,1467614.7941690017
2020-06-22,0.0035006944691200687,0.9819779455622009,1472752.465161748
2020-06-23,-0.009175046932438913,0.9729682518250478,1459239.892174024
2020-06-24,0.002658373846209666,0.9755547651788917,1463119.0973387249
2020-06-25,-0.006250362528543616,0.9694571942300754,1453974.0725579225
2020-06-26,0.0031724272678357386,0.9725327266680504,1458586.6995524312
2020-06-29,0.0034109486053387757,0.9758499858157251,1463561.8638210355
2020-06-30,0.0012071477394946966,0.9770279809201884,1465328.5992165573
2020-07-01,0.005388563786565834,0.9822927585166364,1473224.615841715
2020-07-02,0.00013023643690702886,0.9824206888255054,1473416.483366446
2020-07-03,0.006481110966658304,0.9887878663257244,1482965.8590952475
2020-07-06,-0.002899327745437191,0.9859210462305346,1478666.2550344367
2020-07-07,0.0016288635903471574,0.9875269771256965,1481074.8006595373
2020-07-08,0.0010962362458935744,0.9886095399918193,1482698.4085388999
2020-07-09,0.0026170387084735497,0.9911967694255442,1486578.6876670383
2020-07-10,-0.003731737364903261,0.9874978834051075,1481031.1664324023
2020-07-13,0.0016903626694447574,0.9891671129633711,1483534.6462284238
2020-07-14,0.005509764488920023,0.9946171907959842,1491708.5727402957
2020-07-15,-0.001819216533366117,0.992807766758118,1488994.8318418025
2020-07-16,-0.00030760249528018516,0.9925023766117297,1488536.8133160686
2020-07-17,0.00451161913202675,0.9969801693226331,1495252.5244817515
2020-07-20,0.0017278710780976095,0.9987028225226426,1497836.128073256
2020-07-21,0.0004363021197775023,0.9991385586811371,1498489.6371510138
2020-07-22,-0.003910544166944231,0.9952313832185175,1492629.7272412265
2020-07-23,-0.0030119424116495587,0.9922338036059969,1488134.0124608597
2020-07-24,0.0032606373851305956,0.9954691182408248,1492986.277855974
2020-07-27,-0.0010330219644359801,0.9944407767767643,1491443.990238347
2020-07-28,0.0025063078789022758,0.9969331515307016,1495182.0080620227
2020-07-29,-0.002317760750622704,0.9946224990010891,1491716.5338886993
2020-07-30,0.0006937875283891304,0.9953125556863514,1492751.4682158034
2020-07-31,0.0020336926369140256,0.9973367155022788,1495787.2658854562
2020-08-03,0.003168872212258077,1.0004971481062985,1500527.22458777
2020-08-04,0.0022079753000509668,1.0027062210970887,1503840.351636714
2020-08-05,0.0007012548869126447,1.003409373734771,1504894.9270324358
2020-08-06,0.00046863227963257217,1.0038796037569888,1505600.1693726983
2020-08-07,0.001126524749387084,1.0050104989760258,1507296.2652261779
2020-08-10,-0.002934916298463428,1.0020608772824542,1502872.4768507525
2020-08-11,0.003664870502917614,1.0057333006337343,1508380.3098608095
2020-08-12,-0.0015767827469536783,1.0041474777172583,1506001.9218123762
2020-08-13,-0.0019938206825604503,1.0021453877078448,1502999.224032691
2020-08-14,0.002589152855485737,1.0047400953000405,1506890.7187653882
2020-08-17,0.0006621114284852353,1.005405345199796,1507888.4483317612
2020-08-18,0.000605011508294949,1.006013627004143,1508800.7381962268
2020-08-19,-0.0018113225242251739,1.0041914118618729,1506067.8134345643
2020-08-20,0.0028356050459526945,1.0070389020964507,1510338.4269258862
2020-08-21,0.00406950645599657,1.011137053409972,1516484.7589050008
2020-08-24,-0.0010103778784335067,1.010115422899142,1514952.5362516216
2020-08-25,0.0029794972003027347,1.0131250589736527,1519466.333091975
2020-08-26,-0.001113525087941354,1.0119969188032634,1517774.3692097946
2020-08-27,0.00221360607915481,1.0142370813348123,1521134.123780263
2020-08-28,-0.001749078179675445,1.012463101386832,1518473.5412759993
2020-08-31,0.00391047197246098,1.0164223099679561,1524411.4895000826
2020-09-01,0.005889774798881144,1.022408808474226,1533389.929874065
2020-09-02,-0.00943511650411801,1.0127622622514352,1518922.217239462
2020-09-03,-0.007021688059127533,1.0056509615678493,1508256.8192439282
2020-09-04,0.0018061547074830632,1.00746732278617,1510980.9643980989
2020-09-07,-0.007194097943882375,1.0002195041907853,1500110.8193488773
2020-09-08,0.0048691952574589715,1.005089768257009,1507415.1518361138
2020-09-09,-0.005000028346400832,1.0000642909250466,1499878.0333471391
2020-09-10,0.0012347642336019674,1.0012991345427833,1501730.0290974814
2020-09-11,0.005267109436002923,1.006573086662595,1509639.8055040694
2020-09-14,0.0025663675999305162,1.009156323219168,1513514.0961884805
2020-09-15,0.0009803130481081585,1.0101456123304007,1514997.8138054698
2020-09-16,-0.0029964379567873974,1.0071187736757317,1510458.2168517332
2020-09-17,-0.0028127545155538936,1.0042859957973762,1506209.6686817282
2020-09-18,-0.004360665898938942,0.9999066401027207,1499641.5915428556
2020-09-21,0.0017439045857862779,1.001650381877754,1502256.823391383
2020-09-22,-0.006304522786378775,0.9953354542212206,1492785.811017319
2020-09-23,-0.0023749082322265013,0.9929716238571638,1489240.581705783
2020-09-24,0.005159382881226419,0.998094744654836,1496924.1440690637
2020-09-25,0.005732207736267599,1.0038160310716746,1505504.8242283023
2020-09-28,-0.0020853623194095425,1.0017227109448585,1502365.3011961672
2020-09-29,0.0020522932745985142,1.0037785397275434,1505448.5953998026
2020-09-30,0.001393544080286208,1.0051773493694989,1507546.504378097
2020-10-01,-0.001900928374960735,1.0032665792242146,1504680.7664513518
2020-10-02,0.004288742591012502,1.007569331332673,1511133.954940309
2020-10-05,-0.001981479070393661,1.0055728537906667,1508139.6746360336
2020-10-06,0.0029453977827273454,1.0085346658445926,1512581.7458897498
2020-10-07,0.0043072318572532405,1.0128786584864626,1519096.7861723457
2020-10-08,0.003177898122780094,1.0160974836738708,1523924.3209974442
2020-10-09,0.005847561156948807,1.0220391758510756,1532835.5616630386
2020-10-12,0.0002861612451218357,1.0223316438542005,1533274.199795931
2020-10-13,-0.001062520209176711,1.0212453958221246,1531645.0649724386
2020-10-14,-0.0025977789631526655,1.0185924260166412,1527666.1896436366
2020-10-15,0.0006560884237586862,1.019260712715879,1528668.4737460292
2020-10-16,-0.004401790181586538,1.0147741409181694,1521939.595867393
2020-10-19,-0.0007377536411705232,1.0140254876007413,1520816.7793889004
2020-10-20,-0.00036852298465017154,1.0136517959015394,1520256.323450254
2020-10-21,9.928265537259128e-05,1.0137524339434596,1520407.258534893
2020-10-22,0.0007782282997528565,1.0145413647764978,1521590.4824906345
2020-10-23,-0.005023653435959168,1.0094446605634158,1513946.5392351479
2020-10-26,0.00026863017033705995,1.0097158278545286,1514353.2309518636
2020-10-27,-0.010900298874917901,0.9987096235521791,1497846.3281322906
2020-10-28,0.0025157300822444936,1.0012221073955763,1501614.5051985525
2020-10-29,-0.004559139170791836,0.9966573964670863,1494768.4356884724
2020-10-30,0.00553129809959973,1.0021702056301165,1503036.4454961375
2020-11-02,0.006449782683256126,1.0086339856680648,1512730.7039346013
2020-11-03,0.008981251167918472,1.0176927808298484,1526316.91833606
2020-11-04,0.00933177239446937,1.0271896582280473,1540560.1604198003
2020-11-05,-0.0013307421515557846,1.025822733652201,1538510.072077322
2020-11-06,0.003091397329227183,1.028993959311274,1543266.218005131
2020-11-09,-0.0004347356116882887,1.0285466189929493,1542595.3052218487
2020-11-10,0.003201065213632319,1.0318390637956067,1547533.2533921069
2020-11-11,-0.0010986742872866077,1.0307054087475966,1545833.018397884
2020-11-12,0.003033810090883823,1.0338323732173835,1550522.7822079207
2020-11-13,0.0054561439204120115,1.0394731114352387,1558982.6576595248
2020-11-16,0.0006429151022121103,1.0401414043969237,1559984.9511542208
2020-11-17,-0.0011236512749869076,1.0389726481817063,1558232.0720748957
2020-11-18,0.00022669134205240441,1.0392081742856782,1558585.3097945433
2020-11-19,0.0004949486251150521,1.0397225289427494,1559356.7294507509
2020-11-20,0.0005463885997111573,1.0402906214794267,1560208.7441906058
2020-11-23,0.005091150168312366,1.0455868972520657,1568152.0012011945
2020-11-24,-0.0006644942305433294,1.0448921107913098,1567109.9732437811
2020-11-25,0.0009870214516889205,1.0459234417193615,1568656.7444045285
2020-11-26,0.0014465586315383638,1.0474364313019089,1570925.8983580677
2020-11-27,-0.003413105391259777,1.0438614203712304,1565564.1627051122
2020-11-30,0.0005580608937746438,1.0444439586084597,1566437.842841013
2020-12-01,-0.00043366371758889085,1.0439910211585564,1565758.5355827147
2020-12-02,0.002984587893450547,1.0471069041211771,1570431.6795520815
2020-12-03,0.0018967767607973218,1.0490930321629846,1573410.437866276
2020-12-04,0.0007795092507289117,1.049910809886431,1574636.925857786
2020-12-07,0.0018867189661897843,1.0518916965242513,1577607.8232106648
2020-12-08,-0.0012144217035054703,1.050614256418255,1575691.9420305376
2020-12-09,-0.0003837143245287802,1.0502111206785132,1575087.3264613359
2020-12-10,-0.00016924930701728736,1.0500333731741165,1574820.7440228406
2020-12-11,-0.0018282538814051107,1.048113645584006,1571941.5718850638
2020-12-14,0.003572915963147285,1.0518584675595057,1577557.9870203868
2020-12-15,0.002285772323596165,1.0542627765329935,1581163.925405986
2020-12-16,0.001716625774238242,1.05607255118801,1583878.1921536336
2020-12-17,-0.0014852582641527818,1.054504010703813,1581525.723979326
2020-12-18,-0.004005126709850761,1.0502805885248985,1575191.5130599004
2020-12-21,0.001082820156266412,1.0514178535158887,1576897.1621802216
2020-12-22,0.0008830508726802334,1.0523463089689875,1578289.642595412
2020-12-23,0.001448274855711132,1.0538703956677677,1580575.4397998122
2020-12-24,-0.000266624738512681,1.0535894077490966,1580154.019286476
2020-12-25,0.0016144009097264,1.0552903234474447,1582705.0213727197
2020-12-28,0.001877164399724714,1.057271276873994,1585676.018894106
2020-12-29,0.0015251486643590283,1.0588837727497835,1588094.4105564284
2020-12-30,0.0024320792653926373,1.0614590620179492,1591956.7820438286
2020-12-31,0.00034750775273081577,1.0618279272712068,1592509.9993676015
2021-01-01,-0.0024033311373220217,1.0592760031511177,1588682.6704996245
2021-01-04,0.000665885780127347,1.0599813599788461,1589740.5516990449
2021-01-05,-0.00021279550082939792,1.0597558007144796,1589402.2620621573
2021-01-06,0.004429756757560118,1.0644502611340583,1596442.9274730086
2021-01-07,0.00483084115074051,1.0695924512584611,1604155.0896618539
2021-01-08,-0.004052053156149632,1.0652584057905454,1597654.967967836
2021-01-11,0.0003792132940023437,1.065662365939569,1598260.8199709184
2021-01-12,0.003571340866491298,1.0694682094969308,1603968.7541525923
2021-01-13,-0.00029078922139545255,1.069157219668984,1603502.3373274298
2021-01-14,-0.0019743083986014575,1.0670463735907663,1600336.5291956672
2021-01-15,-6.90129892881743e-05,1.0669727335308157,1600226.0851879206
2021-01-18,0.0028721621519826905,1.0700372522332604,1604822.1939844126
2021-01-19,0.005245034509140529,1.07564963454729,1613239.5417728957
2021-01-20,-0.0006486955419595201,1.0749518654246486,1612193.0404740346
2021-01-21,-0.00262796325498377,1.0721269314214363,1607956.2564037284
2021-01-22,0.002182369676236736,1.0744667087256472,1611465.411378419
2021-01-25,-0.0009991054449439603,1.0733932031865483,1609855.3875115719
2021-01-26,-0.008365479151162017,1.0644137547242922,1596388.175830958
2021-01-27,0.0006128500293971777,1.0650660807251657,1597366.522371445
2021-01-28,-0.007832579871890313,1.0567238655790447,1584855.021500287
2021-01-29,0.006667153435609178,1.0637692057299302,1595421.4931018252
2021-02-01,0.0052843856252564195,1.0693905724292798,1603852.3155061975
2021-02-02,0.0003450809264950083,1.0697595987187989,1604405.7743491938
2021-02-03,0.0032170345792488612,1.0732010523393607,1609567.2032044218
2021-02-04,-7.506660147428047e-07,1.0732002467238038,1609565.994957024
2021-02-05,0.003587697197176114,1.0770505642409836,1615340.6303658013
2021-02-08,0.00037299747766033156,1.0774523013847581,1615943.14834649
2021-02-09,0.0005380195730605424,1.078031991811942,1616812.5573892533
2021-02-10,0.0013351487178731335,1.079471324843636,1618971.242602293
2021-02-11,2.1506912156361423e-05,1.0794945409385948,1619006.0616745912
2021-02-12,0.0008043511588170441,1.0803628336235354,1620308.3110764308
2021-02-15,-0.0012310478569070053,1.0790328552725212,1618313.634002552
2021-02-16,-0.0005388804998321102,1.0784513855081368,1617441.5563425755
2021-02-17,-0.0036126813489336155,1.0745552843019799,1611598.2553989864
2021-02-18,-0.0008155809032225686,1.0736788975326463,1610283.8666382162
2021-02-19,-0.004803819806703086,1.0685211375786399,1602548.3531052452
2021-02-22,0.0006595634675427283,1.069225895085284,1603605.3354539243
2021-02-23,-0.0010367908288626197,1.068117331483277,1601942.7321490103
2021-02-24,-0.009015390373079442,1.0584878367757034,1587500.5930633694
2021-02-25,-0.0017147965027301663,1.056672745535018,1584778.3525983023
2021-02-26,0.009019008781154973,1.0662028863058055,1599071.4824765709
2021-03-01,-0.0026185956477676455,1.0634109320680878,1594884.1608520884
2021-03-02,-0.003655172037190098,1.0595239821651503,1589054.5848647845
2021-03-03,-0.005034235591215301,1.0541900888243882,1581054.9097172741
2021-03-04,0.001984007000369869,1.0562816093403362,1584191.7337261222
2021-03-05,-0.0026158782564801595,1.053518505245743,1580047.6810157723
2021-03-08,0.006022562500936237,1.0598633862894784,1589563.6169291493
2021-03-09,0.0021535554112140326,1.0621458608201697,1592986.830257856
2021-03-10,0.004809618758949493,1.0672543774771108,1600648.4895994235
2021-03-11,-0.002515345396638397,1.0645698640916816,1596622.3057894735
2021-03-12,0.0023019518091767594,1.0670204526163225,1600297.6533948574
2021-03-15,0.001491414109430494,1.0686118219744054,1602684.359894419
2021-03-16,-0.001143406117378623,1.0673899646800569,1600851.8407930888
2021-03-17,-0.003944189191230599,1.0631799767185377,1594537.778265871
2021-03-18,-0.0005524248623535419,1.062592649666242,1593656.915953195
2021-03-19,0.002058217396597068,1.0647796963432812,1596937.0083418172
2021-03-22,-0.00012035756794058847,1.0646515420486369,1596744.804887339
2021-03-23,-0.002935127171184335,1.0615266543797266,1592058.1558250666
2021-03-24,0.001071612252331579,1.0626641993487365,1593764.2248512732
2021-03-25,0.004659142283871998,1.0676153030534792,1601189.7991418003
2021-03-26,-0.0014494078037853978,1.0660678931017926,1598869.0221515824
2021-03-29,-0.00014303043395942736,1.065915412948412,1598640.3352214997
2021-03-30,0.0002872603930409428,1.066221608228884,1599099.5612725266
2021-03-31,0.004591706755285722,1.0711173851900202,1606442.157530396
2021-04-01,0.00015424724299670852,1.0712826020936117,1606689.946804229
2021-04-02,0.002681199180951613,1.0741549241289128,1610997.8025736436
2021-04-05,0.001683568361994294,1.0759633373750566,1613710.0275052988
2021-04-06,8.60167097802327e-05,1.0760558882011817,1613848.8335324042
2021-04-07,0.001561018244863079,1.077735631075156,1616368.0810059991
2021-04-08,0.0008102409407351233,1.0786088566067422,1617677.7286005279
2021-04-09,-0.0008857374374458442,1.077653492362085,1616244.8908745842
2021-04-12,0.0015664889385105301,1.0793416246374175,1618776.7206180634
2021-04-13,-0.0007785282014115014,1.0785013267436798,1617516.4572892736
2021-04-14,0.005971381830746032,1.0849414699706326,1627175.2656732635
2021-04-15,0.0007208795088633589,1.0857235820446505,1628348.2629796166
2021-04-16,-0.0017463597923864206,1.0838275180353218,1625504.5810451466
2021-04-19,-0.002359827504922119,1.0812698720476706,1621668.6706254194
2021-04-20,0.0018306785663596494,1.0832493296268786,1624637.42470247
2021-04-21,-0.0001789358684947681,1.0830554974672855,1624346.7187938918
2021-04-22,0.0006867732395656474,1.0837993109999104,1625462.2766521357
2021-04-23,0.0017388878046583954,1.0856839164045053,1628288.7731819383
2021-04-26,-0.0009120088292098402,1.0846937630870133,1626803.759444293
2021-04-27,-0.0009128116488481949,1.0837036419846344,1625318.7940222824
2021-04-28,0.0002984812011205764,1.0840271071493528,1625803.921128126
2021-04-29,-0.0017880188096156375,1.0820888462916365,1622896.953136402
2021-04-30,0.0012374501417266926,1.083427877287841,1624905.2072010685
2021-05-03,-0.0024392242804351172,1.0807851537034603,1620941.6989662584
2021-05-04,0.0018108849032750505,1.0827423312219857,1623877.0378180053
2021-05-05,0.0018298682794034094,1.0847236070686561,1626848.5188991602
2021-05-06,0.002089204220314185,1.0869898162064184,1630247.337690656
2021-05-07,-0.002111687333369058,1.0846944335800341,1626804.7650373962
2021-05-10,-0.005903995188004405,1.0782904028637224,1617200.1175327925
2021-05-11,-0.006942428154224051,1.0708044492124515,1605972.8219058183
2021-05-12,0.00010408921234374195,1.0709159084041444,1606139.986351896
2021-05-13,0.006162621860803878,1.0775155581923586,1616038.0197432998
2021-05-14,-0.0009069573199408116,1.076538297569506,1614572.342231991
2021-05-17,-0.0003269496595333793,1.076186323739641,1614044.4583544063
2021-05-18,-0.0027430859109222935,1.0732342521974634,1609616.995741092
2021-05-19,0.004299466630314067,1.0778485870512964,1616537.490301867
2021-05-20,0.0019843310312377387,1.079987395449558,1619745.2358070323
2021-05-21,0.0021143046000010168,1.0822708177677,1623169.8706099286
2021-05-24,0.0013258361805648078,1.083705731575066,1625321.9279515862
2021-05-25,0.002054565782610264,1.085932276289579,1628661.2587704817
2021-05-26,-0.0005051480638539597,1.0853837197027347,1627838.54368894
2021-05-27,0.0007974300822417737,1.086249237331601,1629136.63111271
2021-05-28,0.0004941837881025621,1.086786044094529,1629941.7240244097
2021-05-31,0.0008781791652976306,1.087740436955589,1631373.1048870971
2021-06-01,0.0006305039152633585,1.0884262615598799,1632401.692016984
2021-06-02,-0.0010215909155658186,1.087314335178807,1630734.0452778651
2021-06-03,0.0036254324836780616,1.091256319889533,1636646.1614578553
2021-06-04,-0.0004220087860453367,1.0907958001347122,1635955.4823980727
2021-06-07,0.0012560006010402846,1.0921658403152936,1638010.24346724
2021-06-08,0.00026543222106731334,1.0924557363200624,1638445.0241642946
2021-06-09,0.0018343064319071732,1.094459634903768,1641450.4344104452
2021-06-10,0.002728862447063956,1.0974462647012844,1645929.7268596247
2021-06-11,-0.0007948392439245087,1.0965739713420013,1644621.4773199747
2021-06-14,-0.0011838524737895107,1.095275789533335,1642674.488115602
2021-06-15,-0.0017769068209005034,1.093329586512146,1639755.6086131502
2021-06-16,0.002571263967838107,1.096140825482916,1643971.8531256376
2021-06-17,-0.005005533586590617,1.090654055765328,1635742.8967994074
2021-06-18,0.0014964951230521072,1.0922862142407177,1638190.7780670347
2021-06-21,0.0009997304480477338,1.093378206027077,1639828.5272675795
2021-06-22,0.0008559243921684954,1.094314055103481,1641232.0965030415
2021-06-23,0.0021564837810811904,1.0966739256147209,1644771.3869001402
2021-06-24,0.0011164096552649459,1.0978982629739544,1646607.625557179
2021-06-25,0.0012102138432419792,1.0992269546502769,1648600.3729000161
2021-06-28,0.0003014329011300433,1.0995582978202174,1649097.3152932236
2021-06-29,0.0003174133676126269,1.099907312322415,1649620.7608255919
2021-06-30,0.0005159973296463458,1.1004748615584317,1650471.9607331066
2021-07-01,0.002404390336247379,1.103120832680846,1654440.3395657407
2021-07-02,0.000333029107752815,1.1034882040274971,1654991.3163558564
2021-07-05,0.0019183347640936176,1.1056050638110504,1658166.143732295
2021-07-06,0.0014182569508326553,1.1071730958776762,1660517.8493912788
2021-07-07,-0.0037553582209050224,1.1030152642901072,1654282.0100346077
2021-07-08,0.0013570409386439687,1.104512101159698,1656526.9384462866
2021-07-09,0.0028935338143387173,1.1077080442727498,1661320.155157044
2021-07-12,0.00015309180291640215,1.1078776252943525,1661574.4896548183
2021-07-13,0.000122604749905209,1.1080134563535273,1661778.2065795714
2021-07-14,0.00031224193410705147,1.1083594246181558,1662297.0834208508
2021-07-15,-0.003058943758912398,1.1049690154735885,1657212.2101320624
2021-07-16,-0.004464490086973365,1.100035892257594,1649813.6026479166
2021-07-19,0.003070249935790137,1.1034132773851646,1654878.942755512
2021-07-20,0.002293721141485993,1.1059441997472992,1658674.77357311
2021-07-21,0.004306176444967192,1.1107065906096991,1665817.319812932
2021-07-22,0.0011397769639720364,1.111972548395408,1667715.9800202404
2021-07-23,-0.0007417619139135528,1.111147729509691,1666478.9318230366
2021-07-26,-0.0018850637034697304,1.1090531452555994,1663337.5128760599
2021-07-27,0.0009028910672881228,1.1100544994335986,1664839.325458321
2021-07-28,0.0029511237139057283,1.1133304075906048,1669752.472271524
2021-07-29,-0.002243391826172253,1.1108327712543868,1666006.5632234989
2021-07-30,0.0027425303525690607,1.1138792638461803,1670575.6367907184
2021-08-02,0.0020593470753271633,1.1161731278504494,1674015.931842456
2021-08-03,0.00012697658304608602,1.1163148557003117,1674228.4926654461
2021-08-04,0.0014263222386716671,1.1179070804043567,1676616.4819971528
2021-08-05,-0.0018772552284700718,1.115808483492724,1673469.0449401846
2021-08-06,-0.00011412991010811949,1.115681136370805,1673278.0520685166
2021-08-09,0.0005391960053631853,1.1162827071827952,1674180.2769100538
2021-08-10,0.0002955133451286515,1.116612583619704,1674675.019524032
2021-08-11,0.0005967815998515185,1.117278957463771,1675674.4347614148
2021-08-12,0.0008347341398536531,1.118211588353306,1677073.17741939
2021-08-13,0.001023539174181526,1.1193561217190093,1678789.7275144479
2021-08-16,-0.002739594633041573,1.1162895396954857,1674190.5241869441
2021-08-17,-0.002041371463403615,1.1140107780842554,1670772.879426568
2021-08-18,-0.0028913216206245596,1.1107898146359716,1665942.137677129
2021-08-19,0.00063758407726,1.111498036534966,1667004.3158577483
2021-08-20,0.004506021606412524,1.1165064707030776,1674515.873322986
2021-08-23,0.002187411568842948,1.1189487298737815,1678178.7287165038
2021-08-24,-0.0016556047420953014,1.117096193050441,1675400.3280551576
2021-08-25,-0.0019268302297294913,1.1149437383361558,1672172.1160561622
2021-08-26,0.0025979823367922664,1.1178403424748704,1676516.389677753
2021-08-27,0.0027383942639024293,1.1209014300566622,1681107.3525425848
2021-08-30,-0.0004945171405674831,1.1203471250866126,1680276.0161416184
2021-08-31,0.0006157876013680271,1.1210370209554692,1681310.7092792343
2021-09-01,0.001397692505545038,1.1226038859980971,1683660.6646570866
2021-09-02,-0.0005616725126089336,1.121973350252784,1682714.9987411876
2021-09-03,0.0011692361100665055,1.1232852020084318,1684682.4898806664
2021-09-06,-0.0024174634962010823,1.1205697010367537,1680609.8314586908
2021-09-07,-0.0013127947314570435,1.1190986230370021,1678403.5357263167
2021-09-08,-0.00013509715310454232,1.1189474359989866,1678176.7881868796
2021-09-09,-0.0011667350279702896,1.1176419208309492,1676218.8005449753
2021-09-10,0.00031405006401437043,1.1179929163477313,1676745.2171665889
2021-09-13,-0.0006185382415187094,1.1173013949752233,1675708.0861284877
2021-09-14,0.0014038758421853635,1.118869947412069,1678060.5722291581
2021-09-15,-0.0016307760221935198,1.1170453211298763,1675324.0312841784
2021-09-16,-0.0033984032999411834,1.1132491506243647,1669630.6045677913
2021-09-17,-0.005433423102193448,1.107200396970865,1660558.7950688035
2021-09-20,0.0005945903770493581,1.1078587276723693,1661546.1473488763
2021-09-21,0.0028456506656017494,1.1110113065981628,1666274.3272490075
2021-09-22,0.0016870988419527924,1.112885692486921,1669085.496736885
2021-09-23,-0.0020805599387533212,1.110570267098721,1665612.8643180202
2021-09-24,-0.0010956171602409374,1.1093535072564342,1663787.990281555
2021-09-27,-0.009607973293905938,1.0986948683852136,1647802.3597042086
2021-09-28,0.0008762531037739354,1.0996576031737366,1649246.2516363054
2021-09-29,-0.0016415432688343442,1.0978524676372243,1646538.9425532818
2021-09-30,0.002532672961334791,1.1006329688975438,1650709.0872128713
2021-10-01,-0.00421392714042604,1.0959949817582588,1643753.119389317
2021-10-04,0.001141112136209172,1.0972456349331676,1645628.826022784
2021-10-05,0.0009495575919927326,1.0982875328560993,1647191.445368136
2021-10-06,0.0038675669172312677,1.102535233383781,1653562.068508588
2021-10-07,-0.0017312990979589465,1.1006264151287557,1650699.25799096
2021-10-08,-0.0023274531973894092,1.0980647586597332,1646857.3327250208
2021-10-11,-0.00034875537345986835,1.0976818026747437,1646282.9823809112
2021-10-12,0.0022218529493970266,1.1001206902255158,1649940.7810808562
2021-10-13,0.006830986664793338,1.1076355999901095,1661211.504554118
2021-10-14,0.0024584990068283116,1.110358721012613,1665295.5913881962
2021-10-15,-0.0014354873242518541,1.1087648151432268,1662905.080675626
2021-10-18,0.002586040181029573,1.111632125506499,1667205.4200314912
2021-10-19,0.0008200094777571702,1.1125436743851935,1668572.544277285
2021-10-20,0.00018961075597304122,1.1127546246323468,1668888.9235788013
2021-10-21,0.0008309116432746959,1.1136792254060617,1670275.6228167354
2021-10-22,0.002040406033415087,1.1159515832168694,1673683.663274997
2021-10-25,0.0014131808076445589,1.117528624576532,1676048.8809060052
2021-10-26,-0.0006222903604820962,1.1168331972858951,1675005.8918437206
2021-10-27,0.001250201869015566,1.1182294642365205,1677099.9873403157
2021-10-28,0.0008478224813130474,1.1191775243155668,1678521.8704129925
2021-10-29,-0.0003238738419027223,1.1188150519909956,1677978.2410861042
2021-11-01,0.0020769073668786622,1.1211387272146505,1681463.246456478
2021-11-02,0.0012125270052632136,1.1224981381980446,1683502.066051164
2021-11-03,0.004001154497340067,1.1269894266719516,1690238.0179140258
2021-11-04,0.0029146471468035388,1.1302742031888788,1695164.4653303581
2021-11-05,-8.609593676503076e-05,1.130176891172554,1695018.5185577448
2021-11-08,0.0003617118579239797,1.1305856895556428,1695631.6268553077
2021-11-09,-0.004512186410891189,1.1254842761708816,1687980.6208707339
2021-11-10,0.0009219173633104407,1.1265218796672163,1689536.799514046
2021-11-11,0.0019466430062579075,1.1287148156056668,1692825.724508635
2021-11-12,0.001503039791263339,1.1304113188865106,1695370.1089322455
2021-11-15,0.00092546232461566,1.1314574719734594,1696939.1100943424
2021-11-16,-0.001195800929187382,1.1301044740771375,1694909.9087297171
2021-11-17,-0.00028513218814762704,1.1297822449156085,1694426.635358728
2021-11-18,0.002680743873657223,1.1328109017472325,1698968.9591808273
2021-11-19,-0.003978687081335468,1.128303801646855,1692209.2933313446
2021-11-22,-0.0031035489698674327,1.1248020555455565,1686957.4389222262
2021-11-23,0.001099242595237398,1.1260384858762227,1688811.8143954421
2021-11-24,0.000622880288095626,1.126739873052712,1689863.741984932
2021-11-25,-0.006544589265222284,1.1193658233748334,1678804.277879449
2021-11-26,0.002415276778519023,1.1220694016546984,1682859.0548674897
2021-11-29,-0.006590555089718161,1.114674341448606,1671768.0795581543
2021-11-30,0.000418674932219483,1.1151410276529587,1672468.00694555
2021-12-01,0.003529763520590824,1.1190772117726824,1678371.4235058217
2021-12-02,-0.0032907554001284055,1.1153946023948809,1672848.3136804989
2021-12-03,0.003650868051478816,1.1194667609135562,1678955.6621438852
2021-12-06,0.0089055934133683,1.1294362767260329,1693907.7586300115
2021-12-07,-0.0024595405642515666,1.126658382388688,1689741.5237855606
2021-12-08,-8.651499630206338e-05,1.126560909542902,1689595.3358038787
2021-12-09,0.0006988771539370957,1.1273482372251,1690776.1553834707
2021-12-10,-0.001641443014849081,1.1254977593358044,1688000.8426735431
2021-12-13,-0.0030083888816149966,1.1221118243903359,1682922.679706287
2021-12-14,0.0031788931044716188,1.1256788979313364,1688272.5110081641
2021-12-15,-0.0009789292097133492,1.1245769379773936,1686619.8117331825
2021-12-16,-0.0016896883750052512,1.122676753398494,1683769.9498442432
2021-12-17,-0.006563968945517642,1.1153075380533317,1672717.7361820696
2021-12-20,0.004647321096435881,1.120490730303941,1680491.3926058114
2021-12-21,0.0027056349352182433,1.1235223691684395,1685038.188825979
2021-12-22,0.0014789771017211148,1.1251840330257112,1687530.3217227785
2021-12-23,0.0012456529136013915,1.1265856217947874,1689632.398784823
2021-12-24,0.00296041671864785,1.129920784704537,1694634.4147865546
2021-12-27,0.000759276305292764,1.130778706783221,1695921.1105438357
2021-12-28,-0.0015809935717908251,1.1289909529166786,1693239.8701698014
2021-12-29,0.000348848786603994,1.1293848000406903,1693830.5548439394
2021-12-30,-0.0014272865972335181,1.1277728442524728,1691412.9731950257
2021-12-31,0.0006499562017561961,1.1285058472067668,1692512.3175466848
2022-01-03,-0.00010811300026167226,1.1283838410538125,1692329.3349620549
2022-01-04,-0.00730295036411514,1.120143309870927,1679970.3378290911
2022-01-05,-0.0028589688421420847,1.116940855049272,1675167.3549775148
2022-01-06,-0.0026604647747266942,1.1139692732489603,1670710.631237825
2022-01-07,-0.00038199122495964383,1.1135437467617046,1670072.4344372454
2022-01-10,0.0031555258080091303,1.1170575627929584,1675342.3911053569
2022-01-11,0.0025222018147349336,1.1198750074049981,1679567.942724505
2022-01-12,-0.002162732984152421,1.1174530167883554,1675935.4857356497
2022-01-13,-0.0015002244895206602,1.1157765864066806,1673421.2062770922
2022-01-14,-0.0016794549998523313,1.1139026898399218,1670610.7706653513
2022-01-17,-0.005968358039089152,1.1072545197662527,1660639.9674420618
2022-01-18,-0.002966389374797506,1.1039699717236215,1655713.8626872776
2022-01-19,0.0005541272556760095,1.1045817115744014,1656631.338866193
2022-01-20,-0.006492775815182496,1.0974099101515984,1645875.2029745295
2022-01-21,-0.003651583437046263,1.0934026263000383,1639865.1523439025
2022-01-24,-0.0034527622857503776,1.089627366948809,1634203.087792173
2022-01-25,-0.0012935091968188967,1.0882179239285552,1632089.231068644
2022-01-26,-0.0012231494395526365,1.086886870784791,1630092.9420403626
2022-01-27,0.0056437131865576026,1.0930209485497355,1639292.7190726704
2022-01-28,0.004308096404705375,1.0977297881684502,1646354.950141967
2022-01-31,0.0031121218653712944,1.1011460570444787,1651478.607380466
2022-02-01,0.0024354055923937017,1.103827794309847,1655500.6276165987
2022-02-02,-0.012978188005277782,1.0895021096698425,1634015.2292285352
2022-02-03,-0.0021018959818017175,1.087212089563363,1630580.6991840168
2022-02-04,0.0006395172884019224,1.0879073804907984,1631623.4837312796
2022-02-07,-0.0002546621578582331,1.0876303316497327,1631207.9709741003
2022-02-08,0.006915712632467936,1.095152070473778,1642488.9365451485
2022-02-09,-0.007705481552976158,1.0867133963970388,1629832.7683436326
2022-02-10,-0.003427960099671636,1.082988186234411,1624245.7666446131
2022-02-11,-0.003916437420213756,1.078746730776193,1617884.5097445021
2022-02-14,0.0032414238184337077,1.0822434061233885,1623128.759129863
2022-02-15,0.002180405508271813,1.0846031356073909,1626667.8380169042
2022-02-16,-0.004009513910998218,1.0802544042472606,1620145.6906918017
2022-02-17,-0.0017001397964651293,1.0784178207442932,1617391.2165269852
2022-02-18,-0.0018921527316747924,1.076377289518885,1614330.865318447
2022-02-21,-0.004535763796603157,1.0714950963775993,1607008.6418237963
2022-02-22,-0.005235887159833183,1.0658848689606517,1598594.5259103302
2022-02-23,-0.0012876859732589342,1.0645123439657822,1596536.038162387
2022-02-24,0.009259595250876915,1.0743692974104677,1611319.3156792095
2022-02-25,0.0036463376542880148,1.0782868106342265,1617194.7299730522
2022-02-28,0.0013056299697369054,1.0796946542101626,1619306.1878794057
2022-03-01,-0.0016733643685614003,1.0778879316468812,1616596.4986028175
2022-03-02,-0.0003326053927763937,1.077529420308007,1616058.809889439
2022-03-03,-0.0015039120512010014,1.0759089108272821,1613628.3995697966
2022-03-04,-0.01256348290568549,1.062391747618029,1593355.6067556727
2022-03-07,-0.009674561481288736,1.0521135733384845,1577940.589976559
2022-03-08,0.005313159457803356,1.0577036205213513,1586324.439946045
2022-03-09,0.00019623430255048596,1.0579111782536295,1586635.7312161366
2022-03-10,-0.003668910058364166,1.054029797290879,1580814.507422918
2022-03-11,-0.00980138366772854,1.043698846850413,1565320.3379281545
2022-03-14,0.004805170456233919,1.048713997714504,1572841.968970509
2022-03-15,0.009900684584257701,1.0590969842249711,1588414.1812061688
2022-03-16,0.004445638251578278,1.0638053462901729,1595475.6960494884
2022-03-17,0.005948333281118476,1.0701332150361424,1604966.1172315152
2022-03-18,-0.0025727505385127604,1.0673800292308777,1600836.939789113
2022-03-21,0.00119912743452249,1.0686599539069899,1602756.547281811
2022-03-22,-0.0010146762365577215,1.0675756100467997,1601130.268300297
2022-03-23,0.0018072155102288056,1.0695049492476183,1604023.8557550663
2022-03-24,-0.002183601029958151,1.0671695771388958,1600521.307611562
2022-03-25,-5.8383710832451237e-05,1.067107271818895,1600427.8632383572
2022-03-28,0.006097840853743339,1.0736143221363188,1610187.0176462813
2022-03-29,-0.0010916221260380285,1.0724423409874435,1608429.3018707593
2022-03-30,-0.00133684948749043,1.0710086469935314,1606279.0739828888
2022-03-31,-0.001320503287771294,1.0695943765539448,1604157.977184616
2022-04-01,0.0062720621266153615,1.0763029389339698,1614219.3556784238
2022-04-04,-0.006412061665911448,1.0694016181183235,1603868.8816275059
2022-04-05,-0.007314586197430406,1.0615793878029254,1592137.2444434653
2022-04-06,-0.00046657381597698007,1.0610840826569956,1591394.3948937661
2022-04-07,-0.0026005444982530046,1.0583246862836582,1587255.9029555744
2022-04-08,-0.00860379152579652,1.0492190813162696,1573599.484068455
2022-04-11,0.0007207625852791136,1.0499753191738435,1574733.675700786
2022-04-12,0.0017864680973256187,1.0518510665845269,1577546.88717421
2022-04-13,-0.00397173357934647,1.0476733943829017,1571281.2912294269
2022-04-14,7.452216392445715e-05,1.0477514692713372,1571398.386511383
2022-04-15,-0.0012631955448024388,1.0464279542832935,1569413.4030704324
2022-04-18,-0.0016476920345166565,1.0447037632783254,1566827.4931073296
2022-04-19,0.003197309917332008,1.048044004981329,1571837.1261897897
2022-04-20,-0.007771515923104197,1.0398991143085028,1559621.5689350795
2022-04-21,-0.010664009212971023,1.0288096205729564,1542989.7501552075
2022-04-22,0.001386529206404492,1.030236095159711,1545129.1505089805
2022-04-25,-0.004903880434514762,1.0251839405297263,1537552.0218990012
2022-04-26,-0.0012845497649249735,1.023867040739914,1535576.9598107107
2022-04-27,0.005539335289555469,1.0295385835704973,1544083.0354540187
2022-04-28,-0.008787026073684777,1.020492001192799,1530515.13756155
2022-04-29,-0.00175694861821359,1.0186990491814052,1527826.1011054562
2022-05-02,0.0021161015054686153,1.0208547197729976,1531059.1362180999
2022-05-03,0.006335948249165544,1.0273228024473957,1540759.8476715898
2022-05-04,-0.0122958801245418,1.0146909644192943,1521814.849283913
2022-05-05,-0.008937947153969552,1.0056217102017042,1508212.9485828872
2022-05-06,-0.012880003893458902,0.9926692986589595,1488787.1599329745
2022-05-09,0.003931337572617694,0.9965718167699615,1494640.0848324497
2022-05-10,-0.001431433370149005,0.9951452906156869,1492500.6071386582
2022-05-11,0.004623194888294591,0.9997460412363719,1499400.7283163583
2022-05-12,0.004541612635157555,1.0042865004891999,1506210.4256092445
2022-05-13,-0.0003609729387204874,1.003923980239801,1505666.724405581
2022-05-16,0.0033075774634886168,1.0072445365718978,1510646.8337307493
2022-05-17,-0.007049865153600218,1.0001435984123654,1499996.9772582345
2022-05-18,-0.003876699659120029,0.996266342065329,1494181.9394878163
2022-05-19,0.0038700847267312414,1.0001219772195125,1499964.5501907857
2022-05-20,0.0018638830714335173,1.0019860876422204,1502760.3087236367
2022-05-23,-0.0019217807346147853,1.0000604900826375,1499872.3329135876
2022-05-24,0.005539270963948455,1.0056000961175442,1508180.5321769253
2022-05-25,0.003585161477967108,1.0092053348443848,1513587.602922706
2022-05-26,0.009544646750593284,1.0188378432642886,1528034.2619186803
2022-05-27,7.259838668995816e-05,1.0189118092480083,1528145.1947409026
2022-05-30,-0.004586196686946289,1.0142388792841446,1521136.820311609
2022-05-31,-0.002926688879734019,1.0112705176347498,1516684.9260950491
2022-06-01,0.0016925358955671283,1.0129821292859753,1519251.9697747303
2022-06-02,-0.004699549765833811,1.0082215693574954,1512112.1695359328
2022-06-03,4.399494233018773e-05,1.0082659260072953,1512178.694823628
2022-06-06,0.0016108702425814997,1.0098901115841092,1514614.618484585
2022-06-07,-0.005374692774117935,1.004462262498725,1506474.0302390426
2022-06-08,-0.008234474568403222,0.9961910435432585,1494069.0081490795
2022-06-09,-0.011956989098599902,0.9842795980954889,1476204.4413060849
2022-06-10,-0.021218268042477763,0.9633948897543566,1444881.9397849564
2022-06-13,-0.0062423163173531545,0.9573810741139883,1435862.5296755878
2022-06-14,0.010012887162741764,0.9669672227808362,1450239.6591664385
2022-06-15,-0.013453321977886148,0.9539583013907033,1430729.1180865725
2022-06-16,0.0007741391996364797,0.9546967979066285,1431836.7015809447
2022-06-17,-0.0003618672129449814,0.9543513244371626,1431318.5668243514
2022-06-20,0.005520817121299446,0.9596201235688502,1439220.6148741092
2022-06-21,0.0009127051510943824,0.9604959737987253,1440534.1989428662
2022-06-22,0.007411425445227831,0.967614618098976,1451210.610759632
2022-06-23,0.008337180576022025,0.9756817958980657,1463309.6156753742
2022-06-24,-0.0021201997152529625,0.9736131556322251,1460207.1070448922
2022-06-27,-0.005130584937978605,0.9686179506405206,1452715.3904551584
2022-06-28,0.0025937320947528562,0.9711302861066506,1456483.3449879235
2022-06-29,-0.003271308126554909,0.9679534197097663,1451718.7391852725
2022-06-30,0.0073833727045540245,0.9751001805681312,1462437.3196988627
2022-07-01,-0.0007858167171284786,0.9743339305453658,1461288.1120052908
2022-07-04,0.004073637932496151,0.9783030142037534,1467240.8706886612
2022-07-05,0.0015316430206935552,0.9798014251875821,1469488.159927928
2022-07-06,0.005233641036899903,0.9849293541344567,1477178.933464965
2022-07-07,-0.001361892833414422,0.9835879859056416,1475167.1740618085
2022-07-08,-0.0016337834043557537,0.9819810161775453,1472757.070414176
2022-07-11,-0.0016184215501553604,0.9803917569391201,1470373.528633274
2022-07-12,-0.00048207283773140795,0.979919136702764,1469664.7014938006
2022-07-13,-0.004923752743610184,0.9750942571649076,1462428.4358876334
2022-07-14,0.006059312612326038,0.9810026580955536,1471289.7469538318
2022-07-15,-0.0010357733060499276,0.9799865617291342,1469765.824308472
2022-07-18,0.004983919883559239,0.984870736239757,1477091.019424419
2022-07-19,0.0037446290805097336,0.9885587118392233,1482622.177410315
2022-07-20,0.005774686618592203,0.9942673286041739,1491183.8558586342
2022-07-21,0.002301757040064604,0.9965558904274947,1494616.1987968874
2022-07-22,-0.0004253354029030593,0.9961320199263244,1493980.4856137868
2022-07-25,-6.068025889868645e-05,0.996071574377458,1493889.8304911302
2022-07-26,0.007375246710156789,1.0034178479794662,1504907.636548797
2022-07-27,0.008860077227536643,1.0123082076040528,1518241.234428929
2022-07-28,0.005234368379565622,1.0176070016763104,1526188.2683389764
2022-07-29,0.0017415333416512342,1.0193791981984275,1528846.176093926
2022-08-01,-0.004479916084959024,1.0148124649317458,1521997.0735182147
2022-08-02,0.0029708196765597544,1.0178272897705831,1526518.652371889
2022-08-03,0.001140413545228051,1.0189880337985402,1528259.514920097
2022-08-04,-0.004930419135459995,1.0139639956978952,1520724.5549637864
2022-08-05,0.0032924398311014024,1.0173024111446336,1525731.449060683
2022-08-08,-0.003988544332100101,1.0132448553786308,1519646.001537225
2022-08-09,0.008239677927340563,1.0215936666484855,1532167.3951534627
2022-08-10,-0.002189653858169712,1.019356730134827,1528812.4789053032
2022-08-11,0.005365977991729362,1.0248265759144517,1537016.0530205902
2022-08-12,0.0051810138458936415,1.0301362165939043,1544979.3544726507
2022-08-15,-0.0015397551426508814,1.0285500590567729,1542600.464566312
2022-08-16,-0.006510344454442046,1.0218538438836766,1532557.604186403
2022-08-17,0.0027995226580373117,1.0247145468728314,1536848.0339240702
2022-08-18,-0.009455412021221854,1.0150254486280093,1522316.5025493135
2022-08-19,-0.006711864730432154,1.0082127351188719,1512098.920107298
2022-08-22,-0.0026443959998828,1.0055466213950928,1508100.3317715393
2022-08-23,-0.00033660572826890354,1.0052081486422897,1507592.6965610606
2022-08-24,0.006760340905627459,1.0120036984082261,1517784.5371366476
2022-08-25,-0.01115443173352854,1.000715372240253,1500854.5131309514
2022-08-26,-0.008422096123485706,0.992287251182996,1488214.1721539954
2022-08-29,-0.005450091208161715,0.9868791951593525,1480103.269178477
2022-08-30,-0.003927950223645875,0.9830027828040149,1474289.4972112887
2022-08-31,-0.003996741722392415,0.9790739745687542,1468397.1428668993
2022-09-01,0.0010006082890257374,0.9800536441032771,1469866.4332196335
2022-09-02,-0.0022271112280011353,0.9778709556284513,1466592.8771825482
2022-09-05,-0.005240959019989831,0.9727459740231643,1458906.5240142255
2022-09-06,0.0019021160957912104,0.97459624979747,1461681.5335958079
2022-09-07,0.0020245549673927267,0.9765693734761998,1464640.7882053957
2022-09-08,0.005853333950019418,0.9822855601445173,1473213.8198555815
2022-09-09,0.0037425794965203624,0.9859618419416423,1478727.4396917636
2022-09-12,-0.012610796683274531,0.9735280776154493,1460079.5085998317
2022-09-13,-0.0005312631963703793,0.973010877977179,1459303.822093138
2022-09-14,-0.006283608546766822,0.9668968585082245,1450134.128124304
2022-09-15,-0.004500612861518055,0.962545230071061,1443607.6358163415
2022-09-16,0.0005047378659771652,0.9630310630963936,1444336.279253752
2022-09-19,-0.005414037755556678,0.9578171765610158,1436516.588106152
2022-09-20,-0.002663333718290554,0.955266189778723,1432690.665040165
2022-09-21,-0.007615620483124761,0.9479912450170076,1421779.8366655034
2022-09-22,-0.007852065799490767,0.940547555383793,1410615.9278356167
2022-09-23,-0.009265265637233806,0.9318331324387112,1397546.1965521066
2022-09-26,-0.002853427297205512,0.9291742143421701,1393558.400085759
2022-09-27,0.004271885218198484,0.9331435399335495,1399511.5216157818
2022-09-28,-0.007767263336523712,0.9258955683281097,1388641.147084893
2022-09-29,-0.0024859891897006164,0.9235938019544543,1385189.0002048665
2022-09-30,0.011983986237183691,0.9346621373658247,1401789.08611922
2022-10-03,0.009862871966536102,0.9438805903586328,1415614.7523997014
2022-10-04,-0.0017991497867115443,0.9421824077958079,1413067.8494198557
2022-10-05,-0.0030204495023845395,0.9393365934110255,1408799.74933724
2022-10-06,-0.011317294506337991,0.9287058445428127,1392855.9476735352
2022-10-07,-0.004498185322211314,0.9245283535442383,1386590.6234937555
2022-10-10,-0.008764929735123238,0.916424927487294,1374437.254107452
2022-10-11,0.0011857170883546072,0.9175115481840099,1376066.9478465186
2022-10-12,0.0012525395418358737,0.9186607676782015,1377790.5261109099
2022-10-13,-0.00381262761611568,0.9151582562655095,1372537.5239018367
2022-10-14,0.0057646199391097825,0.9204337957970186,1380449.6810792976
2022-10-17,0.0050448742730413694,0.9250772685734727,1387413.8761606026
2022-10-18,-0.004034008348753163,0.9213454991488056,1381817.037000995
2022-10-19,-0.00423963355787994,0.9174393318522127,1375958.6391200752
2022-10-20,0.0011074081693645851,0.9184553116632022,1377482.3869577444
2022-10-21,0.005099725636885456,0.9231391817624246,1384507.169200871
2022-10-24,0.009233190408789421,0.9316627016014511,1397290.5875164368
2022-10-25,0.0007122005835754862,0.9323262323212272,1398285.7386882906
2022-10-26,0.005336444880476362,0.9373015398706318,1405747.6134599568
2022-10-27,0.0034920232693819806,0.9405746186582876,1410656.5168370374
2022-10-28,-0.0035019305935191218,0.9372807916257206,1405716.4956237786
2022-10-31,0.0020858590835070422,0.9392358272787299,1408648.6221450113
2022-11-01,-0.0063356181950245845,0.9332851876820037,1399723.962304153
2022-11-02,-0.0053953384916990855,0.9282497981851705,1392171.97773258
2022-11-03,0.0023877474925662508,0.9304662243132622,1395496.1328816318
2022-11-04,0.001852310693960539,0.9321897368509268,1398081.025291949
2022-11-07,0.0039443463261119825,0.935866616014714,1403595.5410476662
2022-11-08,-0.0032294417977135866,0.9328442892478713,1399062.7109403224
2022-11-09,0.02561141239311543,0.9567357490383612,1434894.682994045
2022-11-10,0.0034009535421466695,0.9599895628729516,1439774.693148781
2022-11-11,-0.0032597866322681655,0.9568602017287814,1435081.3348505767
2022-11-14,0.006652107555251572,0.9632253387060209,1444627.6502405368
2022-11-15,-0.00024226116803478153,0.9629919866103852,1444277.673058614
2022-11-16,-0.005214422469617561,0.9579705395573423,1436746.59910785
2022-11-17,0.003789968267406383,0.9616012175033748,1442191.823126773
2022-11-18,-0.0022476980701693554,0.95943982830252,1438950.2113491169
2022-11-21,0.005005168956637192,0.9642419867469011,1446152.400277108
2022-11-22,0.005488346126602953,0.9695340805199713,1454089.3852016462
2022-11-23,0.0024733237050451684,0.9719320521441704,1457685.8189473199
2022-11-24,-0.0023462197832829048,0.9696516859354231,1454265.767641095
2022-11-25,-0.004424041577421761,0.9653619065612277,1447832.0354204294
2022-11-28,0.000541534056040669,0.9658846829100349,1448616.0857750364
2022-11-29,0.009389832512369115,0.9749541783088229,1462218.3481951877
2022-11-30,0.005826712463344788,0.9806349559707651,1470738.274068748
2022-12-01,-0.001067830919727245,0.9795878036438141,1469167.7742648714
2022-12-02,-0.004232048111028272,0.975442140929817,1462950.18556101
2022-12-05,-0.0042531872443034024,0.9712934028584582,1456727.9844927306
2022-12-06,-0.0004302619826318569,0.9708754922332271,1456101.2098219674
2022-12-07,0.0015668390117618465,0.9723966978300216,1458382.68600259
2022-12-08,-0.0028867960448813812,0.9695895868886701,1454172.6326327142
2022-12-09,0.0010781449063005076,0.9706349449629761,1455740.4414494687
2022-12-12,0.006654351068970283,0.9770938906465704,1465427.4494121713
2022-12-13,-0.0010626490159002535,0.9760555827852326,1463870.2143751802
2022-12-14,-0.011257287925855397,0.9650678440581806,1447391.0058858749
2022-12-15,-0.006826873976499856,0.9584794475080229,1437509.8498939725
2022-12-16,-0.006342518801298002,0.9524002735915456,1428392.416643969
2022-12-19,0.0016043060801105684,0.9539282151411674,1430683.9952827748
2022-12-20,0.005150080457953582,0.9588410222002566,1438052.1329683876
2022-12-21,-0.004356180172822292,0.9546641379504592,1431787.718779266
2022-12-22,-0.001855427231565012,0.9528928281119073,1429131.1408560225
2022-12-23,-0.0004190175253640057,0.9524935493171348,1428532.3098619604
2022-12-26,-0.0023665560910544987,0.9502394199063082,1425151.6080227885
2022-12-27,-0.0055325514985967265,0.9449821713796799,1417266.8833580944
2022-12-28,0.005352918865522281,0.9500405842724404,1424853.397995502
2022-12-29,-0.0027036847447539283,0.9474719740378459,1421001.0435998307
2022-12-30,0.0024816698824680194,0.9498232867002983,1424527.4990926883
2023-01-02,0.005605629326313546,0.955147643971041,1432512.8722177423
2023-01-03,0.0045824286458860716,0.9595245398958244,1439077.2602389934
2023-01-04,-0.0039333595748900045,0.9557503848594832,1433416.8519184256
2023-01-05,0.010146986215773188,0.9654483708403723,1447961.712956299
2023-01-06,0.002963963507056868,0.9683099245794906,1452253.4186331169
2023-01-09,-0.0006904647571843582,0.9676413407025366,1451250.6888290502
2023-01-10,0.006683089316605613,0.9741081742088917,1460949.5268032802
2023-01-11,0.0037828454001152395,0.9777930748349124,1466476.0730005484
2023-01-12,0.0047247056326470815,0.9824128592831483,1473404.7407627965
2023-01-13,-0.00011291313970196687,0.982301931962723,1473238.374007465
2023-01-16,0.00155613609988825,0.9838305274600401,1475530.9334249988
2023-01-17,0.0011498862454257272,0.9849618206513964,1477227.6261500444
2023-01-18,-0.006420427026674974,0.9786379451578431,1467743.1939745597
2023-01-19,0.0022062280895019056,0.9807970436819027,1470981.3702372813
2023-01-20,0.00269184158706604,0.983437193952557,1474941.0190634856
2023-01-23,0.001443516658944058,0.9848568019250529,1477070.1209954638
2023-01-24,0.0007710858315224472,0.9856162110510958,1478209.0688379284
2023-01-25,0.002221979973773165,0.9878062305338776,1481493.6197859363
2023-01-26,0.00024506242468191506,0.9880483047238482,1481856.678204552
2023-01-27,-0.004213581878735178,0.9838850822917488,1475612.7537583865
2023-01-30,0.0032221078610913554,0.9870552661498116,1480367.3372121984
2023-01-31,0.005473122571024001,0.9924575406058244,1488469.5690989012
2023-02-01,0.00935827718773425,1.0017452333678707,1502399.0799120362
2023-02-02,-0.007335619277355409,0.9943968117229784,1491378.0522591523
2023-02-03,-0.006984723489904662,0.9874512249538506,1480961.1889452096
2023-02-06,0.0012655072879754004,0.98870085167555,1482835.3561230286
2023-02-07,-0.00021244957481352585,0.9884908025999938,1482520.3283821016
2023-02-08,-0.0016777360270433237,0.9868323759680707,1480033.0506163507
2023-02-09,-0.0021745277945548883,0.9846864815379616,1476814.6776109259
2023-02-10,0.0018118720462144237,0.9864706074481454,1479490.4768427282
2023-02-13,-0.0013833408811784154,0.9851059823287814,1477443.8371827975
2023-02-14,-0.0009578399733466861,0.9841624084409241,1476028.6824171692
2023-02-15,-0.005236331803606337,0.979009007521691,1468299.7064843928
2023-02-16,-0.0015325767972691547,0.9775086010324457,1466049.4244227977
2023-02-17,0.001273807079956894,0.9787537584091597,1467916.8885591943
2023-02-20,-0.00899791406879467,0.9699470161964843,1454708.6985358063
2023-02-21,-0.0009648144162596277,0.9690111973322499,1453305.1746120008
2023-02-22,0.003427167608832351,0.9723321611203429,1458285.8950321795
2023-02-23,-0.00765171664900571,0.9648921509347348,1447127.5045701517
2023-02-24,0.0006713910326399661,0.965539970872337,1448099.0929998066
2023-02-27,-0.0009210447030572183,0.9646506653965751,1446765.3290006972
2023-02-28,-0.003268195428701259,0.9614979985016323,1442037.0171660536
2023-03-01,0.0019997812167663527,0.9634207841389942,1444920.775706864
2023-03-02,0.006094331570387912,0.9692921898393403,1453726.6020069637
2023-03-03,3.4174583691179254e-05,0.9693253149964032,1453776.2825083882
2023-03-06,-0.003464775108555607,0.9659668207729109,1448739.2746313445
2023-03-07,-0.0002882589760177103,0.9656883721662878,1448321.6625315226
2023-03-08,-0.004542869788888454,0.9613013756348927,1441742.1258062155
2023-03-09,-0.00028685076565929286,0.9610256255992625,1441328.5609735448
2023-03-10,0.0026491883116400872,0.9635715634537868,1445146.9117505092
2023-03-13,0.00029171583839777146,0.963852652540276,1445568.4839934784
2023-03-14,0.004127948471763688,0.9678313866243351,1451535.7162078093
2023-03-15,0.0031197353079030826,0.9708507643732839,1456064.1234323452
2023-03-16,-0.0008818007096249953,0.9699946674803196,1454780.165055043
2023-03-17,0.0013082560572974604,0.9712636688795969,1456683.3900180124
2023-03-20,0.001364033652980387,0.9725885052098658,1458670.3551837346
2023-03-21,-0.0022813562939826117,0.9703696843020502,1455342.6083880903
2023-03-22,0.004705402941159749,0.9749356646685773,1462190.5817779948
2023-03-23,0.0018660679656732626,0.9767549608810077,1464919.1287823597
2023-03-24,-0.0037908972202538075,0.9730521832149347,1459365.770929162
2023-03-27,-0.0011344918022261508,0.9719482634899391,1457710.1324255934
2023-03-28,0.00483963250878489,0.9766521359027821,1464764.9137708654
2023-03-29,0.0011682502229275731,0.9777931099782732,1466476.1257079148
2023-03-30,0.006376543023071141,0.9840280498117121,1475827.1738157978
2023-03-31,0.00332693502335168,0.987301847194591,1480737.1549287797
2023-04-03,-0.0005191924977558395,0.9867892474825071,1479968.3673067922
2023-04-04,0.001134419144949476,0.9879086800968814,1481647.2717565845
2023-04-05,-0.001176635073502902,0.9867462720944615,1479903.9136100758
2023-04-06,-0.00042012463270631097,0.9863317156793234,1479282.1695219297
2023-04-07,0.00018000120826571452,0.9865092565798965,1479548.4420998096
2023-04-10,-0.0010071774966528494,0.9855156666564295,1478058.2742037189
2023-04-11,-0.002741400098858768,0.9828139739104307,1474006.3251046978
2023-04-12,0.003707596672887312,0.9864578517301681,1479471.3460514706
2023-04-13,-0.00038592630621913813,0.986077151695209,1478900.379139732
2023-04-14,-0.0014920709083406768,0.9846058546637851,1476693.7549076835
2023-04-17,0.00035257403089053647,0.9849530011188024,1477214.3987772423
2023-04-18,-0.0021378053837505717,0.9828473632902693,1474056.4018825823
2023-04-19,0.0009347282765544717,0.9837660585122737,1475434.244082658
2023-04-20,-0.0019844858377131196,0.9818137887015332,1472506.265720799
2023-04-21,0.0002456521695583876,0.9820549733888302,1472867.9900796618
2023-04-24,-0.0006421386749145171,0.9814243579095251,1471922.2045801883
2023-04-25,-0.0035282481098395796,0.9779616492737804,1466728.8978440473
2023-04-26,0.003190575134355021,0.9810819093943062,1471408.6065943486
2023-04-27,0.004747203265897056,0.9857393046386953,1478393.6823370422
2023-04-28,-0.0020863426578213696,0.9836827146779364,1475309.246532529
2023-05-01,-0.002051487519701671,0.9816647018654284,1472282.668025567
2023-05-02,0.0003607493129163179,0.9820188367321405,1472813.7929864756
2023-05-03,-0.0006923068210196155,0.9813389783931011,1471794.1539514994
2023-05-04,0.0037767187491648106,0.9850452197120847,1477352.7065276394
2023-05-05,-0.00010773778216829379,0.9849390931247775,1477193.5398235577
2023-05-08,-0.0008702229102453894,0.9840819765607439,1475908.052162337
2023-05-09,0.003152723301872336,0.9871845147391997,1480561.1818698102
2023-05-10,0.0010827873894360292,0.9882534256828058,1482164.3148468274
2023-05-11,-0.001438369077729579,0.9868319525143434,1480032.4155282376
2023-05-12,-0.000962471502128175,0.9858821548826588,1478607.9265060655
2023-05-15,-0.0029816677358300084,0.9829425818701147,1474199.20895766
2023-05-16,0.0013229983212649727,0.9842430132558289,1476149.5720363215
2023-05-17,0.0010871357961256068,0.9853130190676257,1477754.3470765175
2023-05-18,-0.00201706472389116,0.9833255789348737,1474773.6209124527
2023-05-19,0.0008601730224321887,0.9841714090701411,1476042.1813953563
2023-05-22,-0.002950369801704615,0.9812677394651195,1471687.3111173252
2023-05-23,-0.00492665349568643,0.9764333733262793,1464436.8176814516
2023-05-24,-0.0008924609478776959,0.9755619446723812,1463129.8650110369
2023-05-25,0.0030100228273713782,0.9784984083953598,1467533.9193041287
2023-05-26,0.001528031970552198,0.9799935852465224,1469776.3580506952
2023-05-29,0.0028756679293314965,0.9828117213705665,1474002.9467868314
2023-05-30,0.00028587036325379675,0.9830926781143647,1474424.3205446664
2023-05-31,0.002179292350104309,0.985235124467223,1477637.5221872372
2023-06-01,0.006549977119687681,0.9916883919899959,1487316.0141487557
2023-06-02,-0.0017113609060234866,0.9899912552449869,1484770.6796672386
2023-06-05,0.002033678945057043,0.9920045796165692,1487790.2265367159
2023-06-06,-0.002728293744819637,0.9892980997271689,1483731.097768052
2023-06-07,0.0009073236998723522,0.9901957133392901,1485077.3221572947
2023-06-08,0.0022511958524238963,0.9924248378222474,1488420.522065464
2023-06-09,0.0024402250439302543,0.9948465777657196,1492052.6030993077
2023-06-12,0.0007152880018095492,0.9955581795864367,1493119.8504243733
2023-06-13,0.00020854887036133717,0.9957658021201684,1493431.2388824935
2023-06-14,0.002148814614082943,0.9979055182279682,1496640.3457537321
2023-06-15,0.0003060643715129289,0.998210941553234,1497098.4140405362
2023-06-16,-0.0017703649499074153,0.996443743889694,1494448.0034817567
2023-06-19,-0.001039758679900125,0.9954076828579526,1492894.1381984772
2023-06-20,-0.0036520308243131565,0.9917724233173971,1487442.0427883398
2023-06-21,-0.0013535584140875944,0.9904300014089559,1485428.7030958561
2023-06-22,-0.000894844988258373,0.9895437200859742,1484099.4746654755
2023-06-23,-0.0005011346087081165,0.9890478254810093,1483355.7410559552
2023-06-26,0.00102679081100786,0.9900633706998604,1484878.8371003268
2023-06-27,0.0014658375756254711,0.9915146427908827,1487055.4282949998
2023-06-28,-0.0006668692087613767,0.9908534322055695,1486063.7568181483
2023-06-29,0.0035993975859775697,0.9944199076575079,1491412.6911170485
2023-06-30,0.0007967068997598621,0.9952121688591972,1492600.9098984508
2023-07-03,0.0011528598041758134,0.9963595089653017,1494321.669491149
2023-07-04,-0.0022628963088399436,0.9941048507101865,1490940.1745010382
2023-07-05,-0.009358038627516649,0.9848019791174389,1476987.898756741
2023-07-06,-0.001805958739485677,0.9830234673765891,1474320.5195528667
2023-07-07,0.001410423447067422,0.9844099467239944,1476399.9357821366
2023-07-10,0.0044985242190236805,0.9888383387107801,1483041.5566502174
2023-07-11,0.006580627718704984,0.9953455156918185,1492800.9010259013
2023-07-12,0.006356087830714502,1.0016720192114634,1502289.2746665915
2023-07-13,-0.001643261207596643,1.0000260104395582,1499820.6209789435
2023-07-14,0.0002593762932823112,1.0002853934793319,1500209.6388922012
2023-07-17,0.004710301237349978,1.0049970390059406,1507276.0782105594
2023-07-18,0.0005050677962829223,1.0055046306457023,1508037.3548177714
2023-07-19,-0.0026699318353549297,1.0028200018217446,1504010.997875239
2023-07-20,-0.0012074615245702424,1.0016091352534753,1502194.962462774
2023-07-21,0.0024864452714179926,1.0040995815516354,1505930.0880239375
2023-07-24,0.0026384512938699514,1.0067488493917547,1509903.4112131624
2023-07-25,-9.239942232451169e-05,1.006655826379645,1509763.8970102004
2023-07-26,-0.001498377397784525,1.0051474760420496,1507501.7009109291
2023-07-27,0.002928602774523094,1.008091153729191,1511916.5745748149
2023-07-28,0.0010771274296749336,1.0091769963624855,1513545.1013886696
2023-07-31,-0.004925488031656702,1.0042063071450789,1506090.1531064073
2023-08-01,-0.008048471439946624,0.9961239813622075,1493968.4295231455
2023-08-02,-0.0037254980672858564,0.9924129233948655,1488402.653026371
2023-08-03,0.0008647055459384844,0.9932710683535861,1489689.6830550325
2023-08-04,0.0021568550877611565,0.9954134101108905,1492902.727827115
2023-08-07,0.000130939011056348,0.9955437485584027,1493098.2070339
2023-08-08,-0.0015389052906487665,0.9940117010166738,1490800.4703036374
2023-08-09,-0.002053676545377443,0.9919703225004651,1487738.8483439372
2023-08-10,-0.002626639246931152,0.9893647743195945,1483831.095095693
2023-08-11,-0.0017331617124062035,0.9876500451731404,1481259.3758539953
2023-08-14,-0.0039048892755200112,0.9837933811037769,1475475.2220029596
2023-08-15,-0.0032710868461153873,0.9805753075155529,1470648.8144124963
2023-08-16,-0.004341067461668726,0.9763185639543813,1464264.6286967085
2023-08-17,0.0007119104990278929,0.9770136153904563,1465307.054059233
2023-08-18,-0.0022426764847185044,0.9748224899299702,1462020.844386202
2023-08-21,0.002753407092379567,0.9775065730875545,1466046.3829483418
2023-08-22,0.007580102520669171,0.9849161731261862,1477159.1648311464
2023-08-23,-0.0025692902678777995,0.9823856375878977,1473363.9141648393
2023-08-24,-0.0011076442290763897,0.9812975038056959,1471731.9511279853
2023-08-25,0.003826973506396842,0.9850529033546538,1477364.23031347
2023-08-28,0.006027064196057483,0.9909898804396852,1486268.3993705285
2023-08-29,0.0013974875988837835,0.9923747765082189,1488345.4410272615
2023-08-30,0.002491182608299005,0.9948469632923708,1492053.1813050897
2023-08-31,0.0001806105820917588,0.9950266431815034,1492322.6618986772
2023-09-01,-0.0011500848911294333,0.9938822780729091,1490606.3641525377
2023-09-04,-0.0041802293053342186,0.9897276222480563,1484375.2877463894
2023-09-05,-0.0030809015027531226,0.986678368929356,1479802.073691722
2023-09-06,0.00020850241396279823,0.9868840937510828,1480110.615996274
2023-09-07,0.000690664895261947,0.9875656999503292,1481132.8764398473
2023-09-08,0.0012183457766345401,0.9887688964500129,1482937.4084244925
2023-09-11,-0.0012358811166681334,0.9875468956421415,1481104.6740842198
2023-09-12,0.00015367981231290183,0.987698661663714,1481332.289972549
2023-09-13,0.006604662948238584,0.9942220784184291,1491115.99046216
2023-09-14,-0.005233040585995728,0.9890192739305724,1483312.9199656444
2023-09-15,-0.001915113064453564,0.9871251901980715,1480472.2080139453
2023-09-18,-0.0010804509237609913,0.9860586498744544,1478872.6304491942
2023-09-19,-0.0031378425594557483,0.9829645530767589,1474232.1609693565
2023-09-20,-0.007370379261895913,0.9757197315195832,1463366.510822928
2023-09-21,0.0003135085680224551,0.9760256280154032,1463825.288762228
2023-09-22,-0.001985388638330871,0.9740878378228216,1460919.0266654182
2023-09-25,-0.0046403726661538875,0.9695677072457556,1454139.8179466156
2023-09-26,-0.0007526733233586672,0.9688379394973217,1453045.3256972136
2023-09-27,-0.00019033927483297762,0.968653531586487,1452768.754103621
2023-09-28,0.0010688939248758552,0.9696889194617093,1454321.6097991318
2023-09-29,-0.0031928730495843615,0.9665928258442794,1449678.1455257758
2023-10-02,-0.0076056641622397605,0.9592412454292776,1438652.3804075683
2023-10-03,0.00044975786819098727,0.9596726717269027,1439299.4256352484
2023-10-04,0.0015104517779406118,0.9611222110201536,1441473.418011688
2023-10-05,0.0009141028442773015,0.9620007755669453,1442791.0729630427
2023-10-06,0.005048111985512741,0.9668570632121574,1450074.4438710583
2023-10-09,0.004645691156828966,0.9713487825206396,1456811.0418916936
2023-10-10,0.004888367278894404,0.9760970921255074,1463932.469320409
2023-10-11,-0.0037417018125277105,0.9724448278666984,1458454.8705465347
2023-10-12,-0.001300644597367608,0.9711800227550955,1456557.9390986538
2023-10-13,0.0002800449425208385,0.9714519968087454,1456965.840782987
2023-10-16,-0.0031852907651313592,0.968357639734542,1452324.980945229
2023-10-17,-0.0060886836450300425,0.9624616164109504,1443482.2335864792
2023-10-18,-0.0076950414538215625,0.955055434374956,1432374.5779611764
2023-10-19,-0.0025963443438045937,0.9525757815998968,1428655.6403274774
2023-10-20,-0.0019260357785178695,0.9507410865627857,1425903.9984490252
2023-10-23,0.006160350602886877,0.9565979849885821,1434688.0670055295
2023-10-24,-0.0061675608684133585,0.9506981086895634,1425839.5410250865
2023-10-25,-0.0017783861242027816,0.949007400364764,1423303.8477699878
2023-10-26,-0.0014155162573366846,0.9476640649612149,1421289.1380343395
2023-10-27,0.00283691144155449,0.9503525039898535,1425321.2094517865
2023-10-30,0.0003854016872789773,0.9507187714484011,1425870.5306508238
2023-10-31,0.00806187103793176,0.9583833435771589,1437365.714985718
2023-11-01,0.008695303917990263,0.966716778019502,1449864.0467188181
2023-11-02,0.006364097854240412,0.972869058192154,1459091.1233874816
2023-11-03,0.0005501394796269122,0.973404271869573,1459893.8270188302
2023-11-06,0.0019694967512252108,0.9753213884206489,1462769.0831682775
2023-11-07,0.0005884030416459674,0.9758952704921778,1463629.7809460394
2023-11-08,-0.003180106823278546,0.9727918192836804,1458975.2818928992
2023-11-09,0.0017091885996512247,0.9744545039710341,1461468.9458118833
2023-11-10,0.00027327363305890536,0.9747207966935848,1461868.3267403082
2023-11-13,0.00871675280862292,0.9832171969357868,1474611.0715832587
2023-11-14,0.0030468684938431885,0.9862129304357352,1479104.017597938
2023-11-15,0.0018119217910105003,0.987999871134968,1481784.0383985948
2023-11-16,0.001304357153993484,0.9892885758350275,1483716.8140097533
2023-11-17,0.0034292819289153498,0.992681125270621,1488804.8972676648
2023-11-20,0.0018854370054743202,0.9945527629988422,1491611.9451149048
2023-11-21,-0.0005662248533392358,0.993989622506475,1490767.357360043
2023-11-22,-3.41182051936993e-05,0.9939557093645739,1490716.4950534485
2023-11-23,-0.0018395948009470575,0.9921272336092551,1487974.1807394621
2023-11-24,0.00209509195100476,0.9942058313907626,1491091.6234688323
2023-11-27,0.0020282317892478027,0.9962223112630447,1494115.9029002327
2023-11-28,0.0037150633139345977,0.9999233402241413,1499666.6380778637
2023-11-29,0.0018686384724264748,1.0017918354471613,1502468.9728535905
2023-11-30,0.0043062691151281585,1.006105820687935,1508939.0085878284
2023-12-01,-0.00011859261726100093,1.005986503965418,1508760.0595615127
2023-12-04,0.0030863021086892295,1.0090912822339195,1513416.5489148435
2023-12-05,0.0016809612044029767,1.010787525531056,1515960.543419671
2023-12-06,0.0011501988293104882,1.0119501321596036,1517704.1994619933
2023-12-07,0.001021121467526349,1.012983456163618,1519253.959801419
2023-12-08,-0.00017625102327136952,1.012804916792912,1518986.1897363947
2023-12-11,0.0018916113990560589,1.0147207501185376,1521859.5213279088
2023-12-12,0.00900696312211826,1.0238603024941035,1535566.853913554
2023-12-13,0.004967916756950837,1.0289467552476406,1543195.422218529
2023-12-14,0.003348832692260322,1.0323925257802091,1548363.3254990012
2023-12-15,-0.002023161064775418,1.0303038294184854,1545230.7371047253
2023-12-18,0.0029980661463011437,1.0333927484498695,1549863.441065863
2023-12-19,-0.001009195350364213,1.0323498532930337,1548299.32608744
2023-12-20,0.002388660669076035,1.034815786784321,1551997.6877916215
2023-12-21,-0.00044621535967615905,1.0343540360858225,1551305.1625851472
2023-12-22,0.0001716365969717212,1.0345315690926402,1551571.4233241177
2023-12-25,0.001151533346511047,1.0357228666924687,1553358.109557569
2023-12-26,0.003539461951368467,1.039388768371289,1558856.1614831977
2023-12-27,0.0018669164592283094,1.0413292203704982,1561766.41570864
2023-12-28,-0.0023506717767617443,1.038881397161856,1558095.2154733392
2023-12-29,4.63233356253475e-05,1.0389295216134917,1558167.391640942
2024-01-01,-0.0036503551704031786,1.0351370598625855,1552479.527246512
2024-01-02,-0.0038280320713042475,1.031174521999236,1546536.5858261692
2024-01-03,-0.003694936280830434,1.0273643978460332,1540822.2316855686
2024-01-04,0.0006174101924775644,1.027998703096652,1541773.5510362075
2024-01-05,0.0038184633922716104,1.0319240785117292,1547660.7569000118
2024-01-08,-0.0012006864482923872,1.0306850612549936,1545802.501602648
2024-01-09,-7.5280905347177e-05,1.0306074703504546,1545686.1321908396
2024-01-10,0.0011846421220746447,1.0318283713711567,1547517.2170905396
2024-01-11,0.003583633296573889,1.035526065879152,1553062.9513167269
2024-01-12,-0.0014344992141412539,1.0340406045514257,1550835.0837335512
2024-01-15,-0.003914792599912781,1.0299925500447185,1544763.886024066
2024-01-16,-0.0072677879848345225,1.0225067825650345,1533536.8696138142
2024-01-17,0.002411300448913526,1.0249723536288506,1537234.6877559393
2024-01-18,0.0036027495070091566,1.028665072270585,1542772.9592694095
2024-01-19,0.00251768152069636,1.0312549233140265,1546657.1702395922
2024-01-22,0.0008355637657192034,1.0321166025611672,1547949.500929034
2024-01-23,4.826718987563795e-05,1.0321664199291969,1548024.2161015135
2024-01-24,0.0039446045588374555,1.0362379082947284,1554130.5594815381
2024-01-25,-0.0007042300696158093,1.0355081584004315,1553036.0940094425
2024-01-26,0.005620885404142411,1.041328631093855,1561765.5319223665
2024-01-29,-0.0005912630210399055,1.0407129319815391,1560842.1177158062
2024-01-30,-0.000284995136712869,1.04041633385721,1560397.2853030805
2024-01-31,0.003139572144646239,1.0436827959978232,1565296.2651545997
2024-02-01,0.0009101843666945251,1.0446327397625286,1566720.9733443889
2024-02-02,-0.005360102100716767,1.0390334016196499,1558323.1889639285
2024-02-05,0.003945705179150022,1.0431331210937305,1564471.8728414131
2024-02-06,0.001869216946530973,1.0450829632011667,1567396.2101784996
2024-02-07,-0.002437980704540872,1.0425350711022379,1563574.928461714
2024-02-08,0.0010306794845081322,1.0436095906119032,1565186.4730629707
2024-02-09,0.00025355262957116933,1.0438742005678485,1565583.330208985
2024-02-12,-0.006326520430601118,1.0372701091109786,1555678.6352846094
2024-02-13,0.0036895413390217115,1.041097160058275,1561418.3759197246
2024-02-14,0.0038705471736048564,1.0451267757285867,1567461.9194014554
2024-02-15,-0.0020317738741907035,1.0430033144504443,1564277.191224827
2024-02-16,0.00025291833079556014,1.0432671091077492,1564672.825600933
2024-02-19,-0.0004820070448246284,1.0427642470115255,1563918.6422761476
2024-02-20,-0.0017623792559407548,1.0409265009337556,1561162.424503021
2024-02-21,0.006582290958298826,1.0477781820291054,1571438.449814263
2024-02-22,0.0020166463757450882,1.0498911801024793,1574607.4854687876
2024-02-23,-0.0021345261249049712,1.0476501599502432,1571246.4446545835
2024-02-26,-7.110348115306909e-05,1.0475756683768402,1571134.7235626192
2024-02-27,-0.0008002838918282776,1.046737310443967,1569877.36975146
2024-02-28,0.004429857338736675,1.0513742074003667,1576831.7025387702
2024-02-29,0.00276256822004531,1.0542787003731064,1581187.8076885638
2024-03-01,-0.0007681772339659162,1.0534688274772246,1579973.175212073
2024-03-04,-0.000348350122150115,1.0531018514824917,1579422.7913634942
2024-03-05,0.002487901019335466,1.055721864652259,1583352.238936089
2024-03-06,0.004168160151943596,1.0601222824600383,1589951.9046449133
2024-03-07,0.001081671031047099,1.0612689860223428,1591671.7095609258
2024-03-08,-0.0019103109157961131,1.0592416322937483,1588631.1217197876
2024-03-11,0.002309581232227037,1.0616880368880877,1592300.1943434435
2024-03-12,-0.002029346040747995,1.0595335044739194,1589068.8662483706
2024-03-13,-0.0024727712872196004,1.0569135204462092,1585139.4623824973
2024-03-14,-0.0035878220693559134,1.0531215027921517,1579452.2640363541
2024-03-15,0.002347300873577935,1.0555934958156394,1583159.7137155016
2024-03-18,0.0009699140763268003,1.0566173308061102,1584695.2426069079
2024-03-19,0.0026282900141160396,1.05939442758541,1588860.281288469
2024-03-20,0.003591782082523412,1.0631995415087363,1594567.121178434
2024-03-21,0.0013048606931848176,1.0645868687994633,1596647.8091375048
2024-03-22,-0.002439108925778803,1.0619902254655076,1592753.4112149123
2024-03-25,-0.00013032201722852844,1.0618518247570479,1592545.840377415
2024-03-26,0.003937530160977674,1.0660328983435179,1598816.5376566406
2024-03-27,0.000954399648790143,1.0670503197672958,1600342.4475986601
2024-03-28,0.0003935161575590551,1.0674702213090528,1600972.2082094178
2024-03-29,-0.0028773955607041333,1.0643986872330742,1596365.5778847053
2024-04-01,-0.004357662087043808,1.0597603974282195,1589409.1561288952
2024-04-02,-0.0008426283541067773,1.058867413268787,1588069.874907664
2024-04-03,-0.0010380966658988296,1.0577682065374436,1586421.3048653079
2024-04-04,-0.0004026549717905431,1.0573422909100794,1585782.5244395495
2024-04-05,0.00026179185577481894,1.0576190945106059,1586197.6693894777
2024-04-08,0.002393686111046806,1.0601507026479138,1589994.5287200701
2024-04-09,-0.005138205579723871,1.05470343039222,1581824.80996087
2024-04-10,-0.0006960545452388209,1.0539692992756167,1580723.7736121255
2024-04-11,-0.0012118761275081175,1.052692019042698,1578808.1322067003
2024-04-12,-0.00705288145571341,1.0452675070230144,1567672.9856089305
2024-04-15,-0.004691422842873213,1.0403637151636536,1560318.3687540896
2024-04-16,-0.0008310087321107334,1.0394991638317814,1559021.7305647822
2024-04-17,-0.0002795317249843661,1.0392085908373956,1558585.934531149
2024-04-18,-0.002793217848061353,1.03630585485361,1554232.4644810793
2024-04-19,0.0032328196429703636,1.0396560447773058,1559257.017721996
2024-04-22,0.004153798499017295,1.043974566495596,1565733.8571817914
2024-04-23,-0.0008665111225493395,1.043069950922069,1564377.1313795915
2024-04-24,-0.004710683517223552,1.038156378496949,1557007.84581208
2024-04-25,0.004935819123432344,1.0432805306030475,1564692.9549127733
2024-04-26,0.0027797644973748758,1.0461806047828202,1569042.4328381324
2024-04-29,-0.005217489632799964,1.0407221683233294,1560855.9702113762
2024-04-30,-0.00044619907872422765,1.0402577990506157,1560159.5177154467
2024-05-01,0.004810334260617118,1.045261786781263,1567664.406495541
2024-05-02,0.0067654104976140415,1.0523334118463077,1578270.299727982
2024-05-03,0.0038072944589917722,1.056339955014242,1584279.2394949275
2024-05-06,0.0025872805983763346,1.0590730028851403,1588378.2144336833
2024-05-07,-0.001883830457839876,1.0570778889052292,1585385.979174764
2024-05-08,0.0009287743394527976,1.0580596757232474,1586858.4449903497
2024-05-09,7.723911958053384e-05,1.058141399321064,1586981.0125395397
2024-05-10,0.0006546427013917426,1.05883410386517,1588019.918076646
2024-05-13,0.0012519710801041266,1.0601597335418373,1590008.0730887076
2024-05-14,0.006299188871484155,1.0668378799373597,1600023.8342482778
2024-05-15,0.00020144715358192956,1.0670527913916064,1600346.1544953503
2024-05-16,-0.0008528155528902684,1.0661427921753526,1598981.3544047885
2024-05-17,-0.000396785686914495,1.0657197619752103,1598346.9014897177
2024-05-20,0.001070282843203936,1.0668603835521158,1600057.58475587
2024-05-21,-0.0024291446293985986,1.0642688253810921,1596170.8134671322
2024-05-22,-0.0031554931451974622,1.0609105323979546,1591134.107406672
2024-05-23,0.0008097746910115625,1.061769630896518,1592422.5675368553
2024-05-24,0.0012359273304256048,1.063081901001959,1594390.6861096607
2024-05-27,-0.0020632484741638676,1.0608884988918055,1591101.0619593237
2024-05-28,-0.00568728346224147,1.054854925276776,1582052.0192028878
2024-05-29,-0.0003121635621306457,1.0545256380057706,1581558.1602090974
2024-05-30,0.0033042913002688653,1.0580100978973435,1586784.0890787456
2024-05-31,0.0033752070129406415,1.0615811009995286,1592139.8138642267
2024-06-03,0.0018436592430586308,1.0635382948086427,1595075.177148299
2024-06-04,0.004612840987444467,1.0684442278466528,1602433.0053035042
2024-06-05,0.000670181593316142,1.0691602795016406,1603506.926408181
2024-06-06,-0.002731310597495029,1.0662400706998172,1599127.2509469257
2024-06-07,-0.0005519913393732907,1.065651515415098,1598244.5465538471
2024-06-10,0.0012010533554294948,1.0669314197434059,1600164.1235292826
2024-06-11,0.005038238725291598,1.0723068749395874,1608226.13238327
2024-06-12,0.0029064559260910975,1.075423487610844,1612900.37075623
2024-06-13,5.560457498737663e-05,1.075483286076804,1612990.055395843
2024-06-14,-0.0006028571470630942,1.0748349232912457,1612017.652812806
2024-06-17,0.003075443772286371,1.0781405176623178,1616975.322463965
2024-06-18,0.0005361201828628934,1.0787185305537987,1617842.215569529
2024-06-19,-0.0004043522307108033,1.0782823483096602,1617188.0374607253
2024-06-20,-0.001995558330503195,1.0761305729868562,1613960.8444005803
2024-06-21,-0.0002846427870668621,1.0758242601813133,1613501.4420876133
2024-06-24,0.00183177680990463,1.0777949301126462,1616457.0166119768
2024-06-25,-0.001950944534148471,1.07569221198481,1613303.398630732
2024-06-26,-0.00025322691962764373,1.0754198177595018,1612894.866780672
2024-06-27,-0.0023495533810178517,1.0728930614906713,1609105.2841932012
2024-06-28,-0.0023756305617926785,1.0703442639442589,1605282.6445029299
2024-07-01,0.0025599965853318886,1.0730843416050857,1609392.1625913498
2024-07-02,0.004050596314255771,1.077430973084077,1615911.1605533347
2024-07-03,0.0005307532664038411,1.078002823092366,1616768.8106800166
2024-07-04,0.002949317485612888,1.0811821956680523,1621537.1752035487
2024-07-05,0.0008836147960110816,1.0821375442533285,1622969.989443841
2024-07-08,-0.0006433756674006784,1.0814413232885751,1621925.810043711
2024-07-09,0.0036069194746943855,1.0853419950582839,1627775.965834467
2024-07-10,0.0026553680886077916,1.0882239775571876,1632098.3101895468
2024-07-11,0.0022520354503664367,1.090674696532585,1635773.8534425767
2024-07-12,-0.00040077703119892127,1.090237579165705,1635118.2728538811
2024-07-15,0.0024852201845348017,1.0929470596033861,1639181.9017896794
2024-07-16,-0.003367034119276863,1.0892670695631381,1633662.7203986524
2024-07-17,-0.0033108501880793227,1.0856606694810065,1628253.9078735625
2024-07-18,-0.004266026639442878,1.0810292121436051,1621307.733326797
2024-07-19,0.002656298160459297,1.0839007480512248,1625614.4100763712
2024-07-22,0.0008517988641762665,1.0848240134772946,1626999.1065844626
2024-07-23,-0.006322712909245104,1.0779649826830227,1616712.0583299308
2024-07-24,-0.0022578812228626934,1.075531065789719,1613061.714530652
2024-07-25,0.00419715385476401,1.0800452351484169,1619831.9827237665
2024-07-26,0.0024387114480838674,1.0826791538278218,1623782.2855240074
2024-07-29,-0.0007680346778904967,1.081847618692653,1622535.1644193807
2024-07-30,0.010493945926043389,1.0932004691034323,1639561.9606979014
2024-07-31,-0.00281715691133438,1.0901207518464235,1634943.0573887604
2024-08-01,-0.005521698664365362,1.084101433546956,1625915.3944924632
2024-08-02,-0.011009110802882327,1.0721664407434741,1608015.5117583836
2024-08-05,0.0017614710467528244,1.0740550308861438,1610847.9845250756
2024-08-06,-0.0026651530239842976,1.071192509872652,1606554.8281479394
2024-08-07,0.005765379559685797,1.0773683412735602,1615817.226515658
2024-08-08,0.0042638746089386295,1.081962104788391,1622706.868560484
2024-08-09,-0.00016843095894783928,1.0817798688735363,1622433.554486521
2024-08-12,0.006721181692759924,1.0890507079238054,1633338.2251906553
2024-08-13,0.003106758576116897,1.092434125550474,1638412.612729466
2024-08-14,0.002387751036412602,1.0950425862659694,1642324.7341435822
2024-08-15,0.0023479290773551083,1.0976136685952054,1646180.7961413374
2024-08-16,0.0040145555083384975,1.1020200995944918,1652789.4803242073
2024-08-19,0.0006570576327485972,1.102744190312373,1653875.4582675812
2024-08-20,0.00135031938779709,1.1042332471723322,1656108.7183638816
2024-08-21,-0.0028407289871985983,1.1010964197784614,1651404.1623216732
2024-08-22,0.0049635191205101205,1.1065617329115571,1659600.9384570469
2024-08-23,-5.717997676168258e-05,1.106498459737384,1659506.0425139524
2024-08-26,-0.00023601574061729992,1.1062373086839172,1659114.3729662697
2024-08-27,-0.0004668579078320976,1.1057208530484193,1658339.8023012525
2024-08-28,-0.000560385370990522,1.1051012232579718,1657410.4929359115
2024-08-29,0.003693284484270947,1.1091826764593793,1663531.7813935396
2024-08-30,-0.0021802750885936226,1.1067643531011953,1659904.8244914834
2024-09-02,-0.003918077089966641,1.1024279650453177,1653401.1894271183
2024-09-03,-0.00016492657139395052,1.1022461453808339,1653128.4996378073
2024-09-04,-0.0008713676168686537,1.1012856837839307,1651688.0169967
2024-09-05,-0.0017041507616739706,1.0994089269470897,1648873.2916044875
2024-09-06,0.0018887240105806649,1.1014854069848614,1651987.5581807462
2024-09-09,0.0019577449434079026,1.1036418344706236,1655221.728469347
2024-09-10,0.004084228190753948,1.108149359563464,1661982.0317147102
2024-09-11,0.0021364973198272543,1.1105169177001395,1665532.8518710698
2024-09-12,0.004121599377843003,1.1150940235372164,1672397.5110371185
2024-09-13,0.0009373616937077028,1.1161392699597625,1673965.1524006166
2024-09-16,-0.0004968801627428941,1.1155846824976612,1673133.3923232658
2024-09-17,-0.0028255135639902043,1.1124325828454844,1668405.9312288917
2024-09-18,0.005195247801039797,1.1182119457753175,1677073.7134743503
2024-09-19,-0.002507689702195157,1.1154078171940252,1672868.1329932485
2024-09-20,0.003679214930711703,1.119511642288878,1679022.9744052691
2024-09-23,0.002473546736455811,1.122280806658086,1683176.1162040439
2024-09-24,-0.0007860495432411447,1.1213986383426242,1681853.0563867074
2024-09-25,0.0018689468355077353,1.1234944727790974,1684996.3503342303
2024-09-26,0.0036887218390455703,1.1276387313768848,1691211.8331704205
2024-09-27,-0.001391458246619002,1.1260696691649035,1688858.582518376
2024-09-30,0.0005159946998362721,1.126650715145839,1689730.0245957284
2024-10-01,-0.0027854769685279656,1.1235124555272247,1685023.3205291869
2024-10-02,-0.0032021979302278565,1.1199147462675503,1679627.5423398027
2024-10-03,0.0006319609735623956,1.1206224886809084,1680689.001396682
2024-10-04,-0.004282696740201003,1.1158232024016388,1673491.1200891088
2024-10-07,0.00046326972630252386,1.1163401295112174,1674266.3978622823
2024-10-08,0.0014589021462895913,1.1179687605221507,1676708.9887035843
2024-10-09,0.0006902856672876623,1.1187404783340145,1677866.396886699
2024-10-10,0.0010665830757668727,1.1199337079943807,1679655.980789016
2024-10-11,0.0029066030018209924,1.1231889106718778,1684538.073904804
2024-10-14,-0.0008647900117297223,1.122217588120643,1683081.3022041125
2024-10-15,0.0016893520415288688,1.1241134086941742,1685924.61903805
2024-10-16,-0.0008728856282184318,1.1231321862552375,1684452.9996678322
2024-10-17,0.0018670094729150522,1.1252290846863118,1687597.8893748922
2024-10-18,-0.00324907186315976,1.1215731345276485,1682114.7625561964
2024-10-21,-0.002124272233523977,1.119190607860105,1678541.4928724975
2024-10-22,-0.004273669071839082,1.1144075575738004,1671367.9620086097
2024-10-23,0.0013967801063435267,1.1159641398805782,1673702.4955283229
2024-10-24,-0.0002955727455581068,1.1156342912958093,1673207.794686472
2024-10-25,-0.0005627166442529294,1.115006505311198,1672266.2528111085
2024-10-28,-0.000305339240394842,1.1146660500718308,1671755.6443037372
2024-10-29,-0.0031265880400934733,1.111180948530978,1666528.7531002983
2024-10-30,-0.006056192989295767,1.1044514222606459,1656435.9333493127
2024-10-31,0.0007196123036125473,1.105246199092847,1657627.9250270969
2024-11-01,0.0009811526215703077,1.1063306142985676,1659254.3110113253
2024-11-04,0.00255564735133826,1.1091580052027041,1663494.779896458
2024-11-05,0.006809873060295911,1.1167112304219455,1674822.9681840178
2024-11-06,0.004712779604447671,1.1219740443327357,1682716.039709536
2024-11-07,0.00408406939906773,1.1265562641937434,1689588.3687946342
2024-11-08,0.0004332120597561758,1.127044301953386,1690320.3188520197
2024-11-11,-0.004974106596826841,1.1214382634561235,1681912.4854032674
2024-11-12,-0.0007159362671532534,1.120635385131942,1680708.3432567893
2024-11-13,-0.0019301942944710728,1.1184723411053779,1677464.249601965
2024-11-14,-0.003942242114126445,1.1140630523387867,1670851.279392243
2024-11-15,0.0005435143157789817,1.1146685615564134,1671759.4109821303
2024-11-18,0.003636116980488549,1.1187216268407054,1677838.123763694
2024-11-19,-0.0011016329174566469,1.117489206271107,1675989.7620563922
2024-11-20,0.0037687869671892238,1.1217007850276761,1682306.2104287727
2024-11-21,0.002740809127163339,1.124775152777226,1686917.0906449992
2024-11-22,0.0036711578623726104,1.1289043799227456,1693110.0295854914
2024-11-25,0.0008541854899663169,1.1298686736636352,1694556.2596056801
2024-11-26,-0.0007934086135841932,1.1289722261257316,1693211.784073106
2024-11-27,0.0012195051379469213,1.1303490135560912,1695276.6645434154
2024-11-28,0.00399532827006564,1.1348651289249925,1702049.851326848
2024-11-29,0.0028955075598198943,1.1381511394851707,1706978.149538555
2024-12-02,0.00039253583008538255,1.138597904587471,1707648.1996234215
2024-12-03,0.0026348570773493543,1.1415979473346285,1712147.6085678223
2024-12-04,-0.0004572181250834034,1.141075988061549,1711364.7836483668
2024-12-05,0.0019502640819998533,1.1433013875758982,1714702.396917116
2024-12-06,-0.0023294780076691976,1.1406380921374024,1710708.0353938
2024-12-09,-0.001819667073757811,1.1385625105580661,1707595.1163089809
2024-12-10,0.001982004281110841,1.1408191463283046,1710979.5771399094
2024-12-11,-0.00367052338367182,1.136631742975166,1704699.3865930324
2024-12-12,-0.003063750500488615,1.1331493869037546,1699476.6129941754
2024-12-13,0.0006214374758557648,1.1338535683985196,1700532.7314508304
2024-12-16,-0.00158205372317816,1.1320597511390957,1697842.397311652
2024-12-17,-0.01035011051767862,1.1203428076021904,1680269.5408578762
2024-12-18,-0.0036043504087119897,1.116304699545712,1674213.2606515388
2024-12-19,0.0015855553045672583,1.11807466238359,1676867.8183679418
2024-12-20,0.002134271907925394,1.1204609377264785,1680446.7102459886
2024-12-23,0.003652592068618516,1.1245535244608151,1686584.6965715692
2024-12-24,-0.0004872227145896383,1.124005616439926,1685762.9541973202
2024-12-25,-0.0004038376953888439,1.1235517006021787,1685082.1795709252
2024-12-26,-0.0030993979662668784,1.1200693667463366,1679859.4392905706
2024-12-27,-0.0016711137958973015,1.1181976033752048,1677052.2030064038
2024-12-30,0.00011949466624359544,1.1183312220246144,1677252.601799675
2024-12-31,-0.00022830275371836582,1.1180759039270571,1676869.680412003
