Date,Ptf_rdt,Ptf_rdt_cum,Valeur_Ptf,Volatilite_glissante,vol_ewma,"VaR Norm(95%, 1Y)"
2022-01-03,-0.0032738179202172544,0.9967261820797827,1495089.273119674,,0.08727025042601363,-0.14354678793819176
2022-01-04,-0.02321626249076477,0.9735859254052006,1460378.8881078009,,0.08912117873968757,-0.1465912940881655
2022-01-05,0.0005073657934922867,0.9740798896007766,1461119.834401165,,0.09339685604515026,-0.1536241574117299
2022-01-06,-0.011489262446729988,0.9628884301050715,1444332.6451576073,,0.0923452954391271,-0.15189449413495343
2022-01-07,-0.004733228111578445,0.9583308595193846,1437496.289279077,,0.0946781466521845,-0.15573169291388905
2022-01-10,0.008597243630864285,0.9665698633976484,1449854.7950964726,,0.09241425731809208,-0.15200792633169036
2022-01-11,0.004430149849980343,0.970851912732975,1456277.8690994624,,0.09219335093998776,-0.15164456767444875
2022-01-12,-0.017351995640007604,0.9540056945761394,1431008.541864209,,0.09082921067068664,-0.14940075660481825
2022-01-13,0.00019188780262804645,0.9541887566325663,1431283.1349488494,,0.09261000002837687,-0.1523298944386516
2022-01-14,0.0013948365091017755,0.955519693946892,1433279.540920338,,0.08988085791166237,-0.14784085512950776
2022-01-17,-0.015001590079065048,0.9411853791858269,1411778.0687787402,,0.09348569522849853,-0.15377028486467573
2022-01-18,-0.00981728482882123,0.9319454942416375,1397918.2413624562,,0.09075964033968802,-0.14928632359354696
2022-01-19,-0.009142453691034632,0.923425225717965,1385137.8385769476,,0.08807268064273158,-0.14486666819053573
2022-01-20,-0.023443546610407595,0.9017768633976198,1352665.2950964295,,0.1010296655407929,-0.16617901179446734
2022-01-21,-0.014784985196723438,0.8884441058215382,1332666.1587323074,,0.11364087636874134,-0.18692260766506802
2022-01-24,-0.012545096385126199,0.8772984888812098,1315947.7333218146,,0.11223908887286743,-0.1846168724182646
2022-01-25,0.015340579789462287,0.8907567563490667,1336135.1345236,,0.1168293868017089,-0.19216724061530732
2022-01-26,-0.003919634832343006,0.887265315139736,1330897.972709604,,0.1132776276136812,-0.18632511663282172
2022-01-27,0.004585391326113455,0.891333773819739,1337000.6607296085,,0.11041576888142747,-0.18161777791725145
2022-01-28,0.02774592219684886,0.916064651359565,1374096.9770393476,,0.11797127747514959,-0.19404548363109828
2022-01-31,0.00666177462753468,0.9221672676111735,1383250.9014167602,,0.11761658927858976,-0.19346207346454997
2022-02-01,0.007383837338142025,0.9289764007137733,1393464.60107066,,0.1158769708445173,-0.19060065577375426
2022-02-02,-0.032607557038085384,0.8986847497404636,1348027.1246106955,,0.13239748705992108,-0.21777448678977177
2022-02-03,-0.0014955930528121753,0.8973406830720835,1346011.0246081252,,0.1295362979068906,-0.2130682494340154
2022-02-04,0.009615847129065071,0.9059693739031954,1358954.060854793,,0.12559312693228047,-0.20658231035473815
2022-02-07,0.0035687753401605162,0.9092025750637218,1363803.8625955826,,0.12224751240711826,-0.20107926416864352
2022-02-08,0.02852368584790708,0.9351363836869475,1402704.5755304212,,0.1314952047519006,-0.21629036446289013
2022-02-09,-0.011216480985908541,0.9246474442200916,1386971.1663301373,,0.12952289244174273,-0.2130461994060459
2022-02-10,-0.02440658372360488,0.9020799589579166,1353119.938436875,,0.12782242653640705,-0.2102491818941472
2022-02-11,-0.0022236608801086614,0.9000740390424519,1350111.0585636778,,0.1309060242284903,-0.21532124874202951
2022-02-14,0.03078634661351066,0.9277840303862354,1391676.045579353,,0.13111173281910116,-0.21565960926339087
2022-02-15,-0.0010348203443064988,0.926823940596469,1390235.9108947036,,0.12711754791092153,-0.2090897597304568
2022-02-16,-0.026997175456089328,0.9018023120552819,1352703.468082923,,0.1259977219711993,-0.20724780997195033
2022-02-17,-0.012903380376423077,0.8901660137984949,1335249.0206977425,,0.12278342624180467,-0.20196076398336096
2022-02-18,-0.005429811977253864,0.8853325797150275,1327998.8695725412,,0.12329543178185187,-0.20280293815292683
2022-02-21,-0.006610560476458887,0.8794800351550419,1319220.0527325629,,0.1197838556530711,-0.1970269094211856
2022-02-22,-0.015565368520747995,0.8657906043012134,1298685.90645182,,0.11858148600392678,-0.19504918734285417
2022-02-23,0.008997754389259226,0.873580775511244,1310371.163266866,,0.1278291398921852,-0.2102602243817479
2022-02-24,0.017560941795164067,0.8889216766633713,1333382.514995057,,0.13851478422430408,-0.2278365452177471
2022-02-25,0.006115723405723165,0.8943580757671962,1341537.1136507941,,0.13431962944639375,-0.2209361296656785
2022-02-28,-0.010328832469797072,0.8851204010345867,1327680.60155188,,0.13027840970213997,-0.21428891471203476
2022-03-01,0.014070768596953456,0.897574725377987,1346362.0880669805,,0.12631299919279904,-0.20776639485339385
2022-03-02,-0.005100574646253182,0.8929965784906064,1339494.8677359095,,0.12252081430455844,-0.20152880578590074
2022-03-03,-0.01743791987369736,0.8774245757074013,1316136.863561102,,0.1332868490269213,-0.21923735704686478
2022-03-04,-0.028634640166404494,0.8522998387088597,1278449.7580632896,,0.1391463578898902,-0.22887539145227345
2022-03-07,-0.011160998744593526,0.8427873212790129,1264180.9819185194,,0.13839883232494224,-0.22764582131552985
2022-03-08,0.026803031099311075,0.8653765760613593,1298064.864092039,,0.14313962176974,-0.2354437260284187
2022-03-09,-0.0010408978273726654,0.8644758074634779,1296713.7111952167,,0.14342608691565228,-0.23591491926266772
2022-03-10,-0.0027406656820307632,0.8621065682850169,1293159.8524275252,,0.13913828507260012,-0.22886211284947416
2022-03-11,-0.01675617655360766,0.8476609584188083,1271491.4376282124,,0.13496100033774452,-0.2219910909025379
2022-03-14,0.02129582595109821,0.8657125986548364,1298568.8979822546,,0.13085461902124929,-0.21523669470045495
2022-03-15,0.036058361281373345,0.8969287763029691,1345393.1644544536,,0.15086835727521458,-0.2481563646563472
2022-03-16,0.001386059302747377,0.8981719727772656,1347257.9591658984,,0.1465930671034757,-0.2411241381110925
2022-03-17,0.03130971817866926,0.9262934841209012,1389440.2261813518,,0.14822338366542528,-0.24380577022109434
2022-03-18,0.005803438420468377,0.9316691713152779,1397503.756972917,,0.14384468054948746,-0.2366034445195003
2022-03-21,0.004990213281550908,0.936318399187987,1404477.5987819806,,0.14072529149231786,-0.23147250611494213
2022-03-22,-0.012068733169622202,0.9250182222663793,1387527.333399569,,0.1376278553353748,-0.22637767701794373
2022-03-23,0.026557565657964292,0.9495844544390319,1424376.6816585478,,0.13343700771724343,-0.2194843461132594
2022-03-24,-0.0017987539623588267,0.9478763856390153,1421814.578458523,,0.12985745501642995,-0.21359650587046242
2022-03-25,0.007430648900145597,0.954919722261438,1432379.583392157,,0.1263427552447778,-0.20781533920341488
2022-03-28,0.007735502199991554,0.9623065058738067,1443459.7588107102,,0.1269652324254499,-0.2088392230517379
2022-03-29,-0.015853230159369125,0.9470508393523309,1420576.2590284965,,0.12414735292271743,-0.2042042237313562
2022-03-30,-0.005313152364426929,0.9420190139459935,1413028.5209189903,,0.12065879561537733,-0.19846605759154975
2022-03-31,-0.00498941374705049,0.9373188913278284,1405978.3369917427,,0.11703098189945502,-0.19249883504301066
2022-04-01,0.016095890336125657,0.9524058734126201,1428608.8101189302,,0.1175386217213792,-0.19333382824528764
2022-04-04,-0.012844452939538495,0.9401727409922316,1410259.1114883474,,0.11395909041444764,-0.18744602319229492
2022-04-05,-0.02902848945674335,0.9128809464928211,1369321.4197392317,,0.12383212972213546,-0.2036857277065797
2022-04-06,-0.0009981195152974902,0.9119697822049834,1367954.6733074752,,0.12026804754155544,-0.19782333420509954
2022-04-07,-0.010858674938096259,0.9020669987866531,1353100.4981799796,,0.11661915573539856,-0.19182144128338888
2022-04-08,-0.019003152798067423,0.8849248817746163,1327387.3226619244,,0.11466962030057118,-0.18861474085254265
2022-04-11,-0.003898335531886489,0.8814751476649438,1322212.7214974158,,0.11143051406762292,-0.18328688521719658
2022-04-12,0.0061509830020438135,0.886897086314955,1330345.6294724324,,0.10813953763822894,-0.1778737107010961
2022-04-13,-0.006853923016871052,0.8808183619614651,1321227.5429421978,,0.10550841254535041,-0.1735458950491118
2022-04-14,-7.76355048992344e-05,0.8807499791832097,1321124.9687748146,,0.10229420124133003,-0.16825898792790547
2022-04-15,0.008036001336623359,0.8878276871931571,1331741.5307897357,,0.09917790777692585,-0.1631331413203351
2022-04-18,0.0032054729462991562,0.8906735948254301,1336010.392238145,,0.09757606470812302,-0.16049834393880769
2022-04-19,-0.008878634403602675,0.8827656296040325,1324148.4444060486,,0.09508882335613027,-0.1564071959798787
2022-04-20,-0.017832842190085636,0.8670234094404722,1300535.1141607084,,0.09220725004482841,-0.15166742966745728
2022-04-21,-0.020487562159086523,0.8492602134461774,1273890.320169266,,0.10310671541929903,-0.16959545482048727
2022-04-22,-0.0017441024275343248,0.8477790166462976,1271668.5249694465,,0.10447266982300438,-0.17184224987567234
2022-04-25,-0.0146348163484945,0.8353719264335718,1253057.8896503577,,0.10148657243114478,-0.16693055675024177
2022-04-26,-0.0006534264154454091,0.8348260723501186,1252239.108525178,,0.09840484191813374,-0.16186156113862854
2022-04-27,0.027014869809186458,0.8573787900079717,1286068.1850119575,,0.0979365702980585,-0.16109132286594932
2022-04-28,-0.01717365652218279,0.84265446115897,1263981.691738455,,0.09495827969852351,-0.15619247077118872
2022-04-29,0.006113988948535423,0.8478064412219299,1271709.661832895,,0.09647743275482214,-0.15869125518573593
2022-05-02,0.003262918591006816,0.8505727646205684,1275859.1469308527,,0.09365457610375022,-0.1540480691848562
2022-05-03,0.008338760024591418,0.8576654867881927,1286498.230182289,,0.09103644929361189,-0.14974163380538127
2022-05-04,-0.02186739900488325,0.8389105733758778,1258365.8600638167,,0.09058805512149551,-0.14900409102507176
2022-05-05,-0.023362290168020296,0.8193117011356503,1228967.5517034754,,0.12740060839165582,-0.20955535278883922
2022-05-06,-0.03186614992749574,0.7932033916299102,1189805.0874448651,,0.12356364441360711,-0.20324410867306364
2022-05-09,0.0031452507846306803,0.7956982152198058,1193547.3228297087,,0.12842980128266548,-0.21124822444844912
2022-05-10,-0.014310789957670053,0.7843111451921021,1176466.717788153,,0.12492301306095495,-0.20548007112301786
2022-05-11,-0.007498391479427487,0.7784300731837737,1167645.1097756606,,0.12184504631373076,-0.20041726635521012
2022-05-12,0.03925849905629687,0.808990069477252,1213485.104215878,,0.13476167280383772,-0.22166322628544002
2022-05-13,-0.00819800894165684,0.802357961653966,1203536.942480949,,0.13103082515233658,-0.21552652799426497
2022-05-16,0.016316593990183263,0.8154497107490648,1223174.566123597,,0.12955264641502284,-0.21309514033691193
2022-05-17,-0.024926964611222516,0.7951230246669911,1192684.5370004866,,0.12880155288133335,-0.21185970141384297
2022-05-18,-0.013983448019460193,0.7840044631824843,1176006.6947737264,,0.13369637875328938,-0.21991097350262576
2022-05-19,0.0014886360283743994,0.785171560472784,1177757.3407091761,,0.1359857862958441,-0.22367671380256693
2022-05-20,0.00018965626886886084,0.7853204731813652,1177980.7097720478,,0.13184488112028367,-0.21686553090568425
2022-05-23,-0.023795327543837112,0.7666335152951336,1149950.2729427004,,0.12986757062084175,-0.213613144559068
2022-05-24,0.022854434683048444,0.784154490896282,1176231.736344423,,0.12678309215194794,-0.20853962896225428
2022-05-25,0.014540517042684697,0.7955565026352571,1193334.7539528857,,0.1229207684065411,-0.20218667174116103
2022-05-26,0.03420114183179196,0.82276544341709,1234148.165125635,,0.1479946177388655,-0.24342948375706955
2022-05-27,0.002392267505683109,0.8247337184521757,1237100.5776782634,,0.14501477877995408,-0.23852808483777282
2022-05-30,-0.004122521330855741,0.8213337361055806,1232000.6041583708,,0.14163779785966701,-0.23297344552289273
2022-05-31,-0.0009804786764154507,0.8205284358911084,1230792.6538366624,,0.13734504250567062,-0.2259124913092564
2022-06-01,0.014102390352258022,0.8320998481891726,1248149.772283759,,0.13320654613846034,-0.21910527054952508
2022-06-02,-0.012527484777746893,0.8216757300074172,1232513.5950111258,,0.12928766256518784,-0.21265928069042728
2022-06-03,0.0036104481540515355,0.8246423476300515,1236963.5214450774,,0.12534903944085013,-0.20618082215916544
2022-06-06,0.002492620940341468,0.8266978684140466,1240046.8026210698,,0.1217194767683016,-0.2002107228329763
2022-06-07,-0.0035099120469063378,0.8237962316065484,1235694.3474098225,,0.11810089653795951,-0.19425868801668322
2022-06-08,-0.012823808308743086,0.813232026646961,1219848.0399704415,,0.11696220182065795,-0.19238570188093929
2022-06-09,-0.030863052307479433,0.7881332040704384,1182199.8061056577,,0.1333289455186782,-0.21930659961401303
2022-06-10,-0.04087408870547122,0.755918977575536,1133878.466363304,,0.15688401708515456,-0.2580512445132332
2022-06-13,8.907509731936208e-05,0.7559863111320291,1133979.4666980435,,0.15352294048163115,-0.25252276547146596
2022-06-14,0.018918359863878444,0.7702883322181908,1155432.4983272862,,0.15042246297172335,-0.24742293379401264
2022-06-15,-0.043618585158231325,0.7366894450029396,1105034.1675044096,,0.1691785299970058,-0.2782739186678934
2022-06-16,0.010702124969326115,0.7445735875069447,1116860.381260417,,0.16425361752240014,-0.2701731585216197
2022-06-17,-0.000562950974152933,0.7441544290805291,1116231.6436207937,,0.1598361080181083,-0.26290700199139266
2022-06-20,0.018846117148392735,0.758178850627476,1137268.275941214,,0.1592897438586019,-0.2620083129219923
2022-06-21,-0.009736958331627691,0.750796494750995,1126194.7421264926,,0.156770173973465,-0.25786398925806714
2022-06-22,-0.0010250054383409003,0.7500269242607879,1125040.3863911817,,0.15202205377633032,-0.25005402653060865
2022-06-23,0.030362991676260533,0.7727999855190893,1159199.9782786341,,0.1612872237104036,-0.2652938749009908
2022-06-24,-0.0036552935691286223,0.7699751747017988,1154962.762052698,,0.1564191579591029,-0.25728661929372565
2022-06-27,-0.010813115423086904,0.7616493442648367,1142474.016397255,,0.1517289532674543,-0.24957191909552262
2022-06-28,-0.014072197305212537,0.7509312644149561,1126396.896622434,,0.15072689035690684,-0.24792367228267506
2022-06-29,-0.02129541426188787,0.7349398720570364,1102409.8080855545,,0.15481175173748588,-0.2546426713401145
2022-06-30,-0.004221470225489798,0.7318373452696223,1097756.0179044334,,0.1536023733902163,-0.25265342097925153
2022-07-01,0.0015960934730549305,0.7330054260797451,1099508.1391196176,,0.14899705459969428,-0.24507834566339365
2022-07-04,0.010732468855362224,0.7408723839859575,1111308.5759789362,,0.14446684586513847,-0.23762681539551228
2022-07-05,0.015738788156581453,0.7525328174885738,1128799.2262328607,,0.1441572092944099,-0.23711750855911257
2022-07-06,0.025926747267508463,0.7720435456581061,1158065.3184871592,,0.14735656561653399,-0.24237998140946848
2022-07-07,0.001017841323768061,0.7728293634826253,1159244.045223938,,0.14287517937858507,-0.2350087570022078
2022-07-08,-0.011745993843106255,0.7637517145373867,1145627.57180608,,0.1385251171163081,-0.22785354131263683
2022-07-11,-0.0034721341794004285,0.7610998661047658,1141649.7991571487,,0.13543171023755432,-0.222765339788482
2022-07-12,-0.00559925081714391,0.7568382770575505,1135257.4155863258,,0.13512579788149634,-0.22226215874009078
2022-07-13,0.004251743718074567,0.7600561594476282,1140084.2391714423,,0.13130187086464437,-0.2159723585172241
2022-07-14,0.010848420951375393,0.7683015686120016,1152452.3529180025,,0.1290658622142567,-0.21229445157873908
2022-07-15,0.008311789486391304,0.7746875295123689,1162031.2942685534,,0.12629102562125416,-0.20773025154454117
2022-07-18,0.01610865762621726,0.7871667056925837,1180750.0585388755,,0.12369267622857132,-0.20345634712189964
2022-07-19,0.024028567489212053,0.8060811940055786,1209121.791008368,,0.12600865942257222,-0.2072658004785107
2022-07-20,0.009226679334151335,0.813518646699958,1220277.970049937,,0.12602541542552137,-0.2072933616507348
2022-07-21,-0.014776091650692123,0.8014980206167723,1202247.0309251584,,0.12227895142555867,-0.20113097675215305
2022-07-22,-0.0060315673977268435,0.7966637312862777,1194995.5969294165,,0.1185736810962065,-0.19503634941208245
2022-07-25,-0.006035380973260115,0.7918555621603861,1187783.3432405791,,0.11500842582556722,-0.18917202634916358
2022-07-26,0.027408405687441444,0.813559060653935,1220338.5909809025,,0.11533688797104434,-0.1897122985004679
2022-07-27,0.005966992332201755,0.8184135613306502,1227620.3419959755,,0.11500574389341454,-0.189167614963335
2022-07-28,0.007638640871393165,0.8246651286099329,1236997.6929148994,,0.11977575759324975,-0.19701358929811716
2022-07-29,0.0004576001139576581,0.8250424954667617,1237563.7432001424,,0.11613396246099995,-0.19102336936622186
2022-08-01,0.0034677478205271737,0.8279035347822589,1241855.3021733882,,0.11289647139523325,-0.1856981704444725
2022-08-02,0.014267098004670735,0.8397153156514106,1259572.9734771159,,0.11220871707017532,-0.18456691524844943
2022-08-03,0.004451303420972973,0.8434531433086131,1265179.7149629197,,0.1092014936045722,-0.17962047282399854
2022-08-04,-0.002364316933510846,0.8414589527592656,1262188.4291388984,,0.106664184622007,-0.17544697094132963
2022-08-05,-0.014569374269508073,0.8291994223440875,1243799.1335161312,,0.10477954749116829,-0.17234701872118216
2022-08-08,-0.020735026416503054,0.8120059504172338,1218008.9256258507,,0.10527391570919663,-0.17316018207765563
2022-08-09,0.017999292977511377,0.8266214834182762,1239932.2251274143,,0.10403353116096753,-0.17111993105468642
2022-08-10,0.0019352503269325682,0.8282212029143109,1242331.8043714664,,0.10214757814357497,-0.1680178143937682
2022-08-11,0.01970850991256735,0.8445442087017461,1266816.313052619,,0.10293977752398635,-0.16932086641790656
2022-08-12,0.008577110152439517,0.8517879574083858,1277681.9361125787,,0.09980381716443623,-0.1641626706465245
2022-08-15,0.0038342588035359592,0.8550539328828248,1282580.8993242371,,0.099703928597173,-0.1639983685743706
2022-08-16,-0.01417930914875915,0.8429298588296169,1264394.7882444253,,0.09841828195372455,-0.16188366802991644
2022-08-17,0.01057830603437997,0.8518466288418334,1277769.94326275,,0.09546870122325411,-0.15703203946741595
2022-08-18,-0.01674712218632518,0.8375806492646101,1256370.973896915,,0.09411157854269225,-0.15479977130407568
2022-08-19,-0.017123120262155032,0.8232386550779983,1234857.9826169976,,0.09775285481486949,-0.16078913778709875
2022-08-22,-0.00308843792007523,0.8206961335983838,1231044.2003975757,,0.09626579883887464,-0.15834314837150373
2022-08-23,0.00266883370905612,0.8228864351046232,1234329.652656935,,0.09333962103971798,-0.15353001420545603
2022-08-24,0.017025423938940576,0.8368964255158831,1255344.6382738245,,0.09383856566275502,-0.15435070507830645
2022-08-25,-0.034441111242833555,0.8080727826259607,1212109.173938941,,0.09731397284144724,-0.16006724118131155
2022-08-26,-0.022970109430080807,0.7895112623815725,1184266.8935723589,,0.11082402736722743,-0.18228930336835322
2022-08-29,-0.009587514736634878,0.78194181151875,1172912.717278125,,0.10789979065810927,-0.17747936201129558
2022-08-30,-0.013594540189866132,0.7713116721359216,1156967.5082038823,,0.10840796596109474,-0.1783152360015384
2022-08-31,-0.025388925700386852,0.7517288974002215,1127593.3461003322,,0.1104961070315854,-0.18174992241492127
2022-09-01,-0.0035219513076436846,0.7490813448270293,1123622.0172405438,,0.1071776445238253,-0.17629153732312963
2022-09-02,-0.0037916883492770314,0.7462410618191878,1119361.5927287817,,0.10398640270704586,-0.17104241164632075
2022-09-05,-0.001405848141866763,0.7451919602090447,1117787.940313567,,0.10086659163349294,-0.16591077908658386
2022-09-06,0.0015407620642201758,0.7463401237118967,1119510.1855678451,,0.0978069156618413,-0.16087805996731638
2022-09-07,0.011396024254176957,0.7548454338635828,1132268.1507953743,,0.09744030491640435,-0.16027503895300504
2022-09-08,0.01473099496599399,0.7659650581499308,1148947.587224896,,0.10251631286977057,-0.16862432904553398
2022-09-09,0.006293791774488088,0.7707858827324601,1156178.8240986902,,0.10553321042848475,-0.17358668393712604
2022-09-12,-0.03370083516311349,0.7448097547524385,1117214.6321286578,,0.1109461342992927,-0.18249015139843672
2022-09-13,-0.007074595681675943,0.7395405268777968,1109310.790316695,,0.11024469903339679,-0.18133639305725613
2022-09-14,-0.006322293836061899,0.7348649343631993,1102297.401544799,,0.10815438641947309,-0.17789813477278132
2022-09-15,-0.008261890126151153,0.7287935610179292,1093190.341526894,,0.12193661879540942,-0.20056788968382822
2022-09-16,0.005392032176095305,0.7327232393486691,1099084.8590230036,,0.11842079708033955,-0.19478487758408078
2022-09-19,-0.00717877637316168,0.7274631830699664,1091194.7746049496,,0.11735259817242032,-0.19302784673608425
2022-09-20,0.007947505287260464,0.7332447005637022,1099867.0508455532,,0.11421957613463875,-0.18787448407392032
2022-09-21,-0.02438872301777443,0.7153617986574031,1073042.6979861048,,0.11530016440587428,-0.18965189361110332
2022-09-22,-0.004768017566965088,0.7119509410346688,1067926.4115520034,,0.12306352355906097,-0.20242148307154936
2022-09-23,-0.002661466820780036,0.7100561072270819,1065084.1608406228,,0.11937471598889252,-0.19635393456063172
2022-09-26,0.006351628850832902,0.7145661200834555,1071849.1801251834,,0.11617681066510875,-0.19109384839015858
2022-09-27,0.00023860548584118718,0.7147366194797037,1072104.9292195556,,0.11391197941183587,-0.18736853248877963
2022-09-28,-0.025523076633750353,0.6964943419677756,1044741.5129516633,,0.11970409293945757,-0.19689571143240286
2022-09-29,-0.001037244239061225,0.6957719072240307,1043657.860836046,,0.11609497901388778,-0.19095924730184835
2022-09-30,0.011071264540966252,0.7034749820690807,1055212.473103621,,0.11635439779373397,-0.19138595322277765
2022-10-03,0.026258431397390664,0.7219471316255222,1082920.6974382831,,0.13756481073516127,-0.2262739778786228
2022-10-04,0.006932667160400993,0.7269521507964881,1090428.2261947321,,0.13381409971533165,-0.22010460725400918
2022-10-05,0.001316014853782986,0.7279088306249257,1091863.2459373886,,0.12999144571104723,-0.2138169009504814
2022-10-06,-0.0351860343214275,0.7022966055276869,1053444.9082915303,,0.13913622552062718,-0.22885872518794156
2022-10-07,-0.011249824863766762,0.6943958917130825,1041593.8375696237,,0.13545636164291586,-0.22280588774200039
2022-10-10,-0.015452618117685207,0.6836656571759507,1025498.4857639261,,0.1409156407667713,-0.23178560280941446
2022-10-11,0.002151215156396553,0.6851363690995754,1027704.5536493631,,0.13667871231092854,-0.2248164756716876
2022-10-12,0.004621079380434332,0.6883024386476072,1032453.6579714108,,0.1357235333807117,-0.2232453461439328
2022-10-13,-0.007307923522413736,0.6832723770656797,1024908.5655985195,,0.1372627689872927,-0.2257771634141504
2022-10-14,0.014812454396918306,0.6933933179916391,1040089.9769874585,,0.1343144553399179,-0.22092761901787547
2022-10-17,0.00863030283429765,0.6993775123091853,1049066.268463778,,0.13375399541272753,-0.22000574447387541
2022-10-18,0.00212030733716145,0.7008604075799801,1051290.6113699703,,0.1328350421290014,-0.21849420083213955
2022-10-19,0.0009158932323931983,0.701502320884135,1052253.4813262024,,0.12934107682346618,-0.21274713932688732
2022-10-20,0.004056532146720889,0.7043479875998009,1056521.9813997014,,0.1255704077073646,-0.20654494055523373
2022-10-21,0.007882279364598014,0.709899855207955,1064849.7828119325,,0.128129871011468,-0.21075488305403742
2022-10-24,0.019252682814406417,0.7235673319502668,1085350.9979254003,,0.12705634218875503,-0.20898908527636104
2022-10-25,-0.013878289274042338,0.713525455208214,1070288.182812321,,0.12319511702067644,-0.20263793505417066
2022-10-26,0.010568937729714243,0.7210666613128756,1081599.9919693132,,0.12013256787107562,-0.1976004899777326
2022-10-27,0.01839488965636893,0.7343306029826122,1101495.9044739183,,0.11794078706254679,-0.19399533136534133
2022-10-28,-0.001178812622283549,0.7334649647988872,1100197.447198331,,0.1153835310437177,-0.1897890195277268
2022-10-31,0.0023784358097496414,0.7352094641363617,1102814.1962045424,,0.11186848359884766,-0.18400728098912583
2022-11-01,-0.00992025328648856,0.7279160000335054,1091874.0000502581,,0.10892651313085847,-0.17916817019446968
2022-11-02,0.00035743355039649866,0.7281761816337877,1092264.2724506815,,0.11106032509025525,-0.18267797853511591
2022-11-03,0.01126819361975095,0.7363814118377282,1104572.1177565923,,0.1103054349614368,-0.181436294768779
2022-11-04,8.177185805822278e-05,0.7364416271140136,1104662.4406710204,,0.10695371340779176,-0.17592320341473455
2022-11-07,0.008666759801338743,0.7428241898039178,1114236.2847058768,,0.10581079172922193,-0.1740432645464175
2022-11-08,-0.01849662497843913,0.7290844493402019,1093626.6740103029,,0.10310742637180252,-0.16959662423329122
2022-11-09,0.05081163142135417,0.7661304196551173,1149195.629482676,,0.1319566633934571,-0.21704939638314244
2022-11-10,0.005239542072585699,0.7701445922219881,1155216.888332982,,0.1280283100451836,-0.21058783013028784
2022-11-11,0.003798191588321092,0.7730697489339566,1159604.623400935,,0.12515195852817898,-0.2058566529051554
2022-11-14,0.010172580197867624,0.7809338629535327,1171400.7944302992,,0.12264991681218482,-0.20174116051381852
2022-11-15,-0.02115582623579245,0.7644125618472416,1146618.8427708624,,0.12174970096716481,-0.20026043721609818
2022-11-16,-0.006951113759111163,0.7590990431709478,1138648.5647564216,,0.11923197943288577,-0.19611915381878547
2022-11-17,0.002491263295421562,0.7609901587547891,1141485.2381321837,,0.11822199209406452,-0.19445787248135027
2022-11-18,0.002019176762314081,0.7625267323996966,1143790.098599545,,0.11479576650464701,-0.18882223289384295
2022-11-21,0.011873641931535506,0.7715807017834344,1157371.0526751515,,0.11177259872240025,-0.18384956440233152
2022-11-22,0.009904680480573119,0.7792229620995758,1168834.4431493636,,0.10977336024709049,-0.18056110974507733
2022-11-23,0.0008315995880765509,0.7798709635938775,1169806.4453908163,,0.10719155913853579,-0.1763144248276038
2022-11-24,-0.00562118185521107,0.7754871670839176,1163230.7506258765,,0.10395212705542119,-0.17098603321642977
2022-11-25,-0.011124182021664531,0.7668605066818112,1150290.7600227168,,0.10217466142450729,-0.16806236242663947
2022-11-28,-0.0028134516807356656,0.7647029817003974,1147054.472550596,,0.09906250725086903,-0.1629433243464984
2022-11-29,0.029140643914728474,0.7869869189906598,1180480.3784859895,,0.10374384739307618,-0.17064344365840137
2022-11-30,0.0032700751233197805,0.7895604253368291,1184340.6380052436,,0.10262805776322524,-0.16880813303882622
2022-12-01,-0.008629903536208152,0.7827465950301647,1174119.8925452472,,0.10059469321238831,-0.16546354598246754
2022-12-02,-0.005231456106949522,0.7786516905754003,1167977.5358631006,,0.09968516393829004,-0.16396750345714844
2022-12-05,-0.017177157107964403,0.7652766681540045,1147915.0022310067,,0.1002435438163054,-0.16488595662471875
2022-12-06,-0.004422822436933171,0.7618919853356315,1142837.9780034472,,0.09928860105329561,-0.16331521555745102
2022-12-07,0.01980301247998726,0.7769797418296354,1165469.6127444531,,0.09630026174080712,-0.15839983480074266
2022-12-08,-0.0014539489382888885,0.7758500529589302,1163775.0794383953,,0.09356413362082232,-0.15389930453878176
2022-12-09,0.008257000227822588,0.7822562470229683,1173384.3705344524,,0.09074102547750479,-0.14925570486996967
2022-12-12,0.01713660113758898,0.7956614603155883,1193492.1904733824,,0.10029532118972402,-0.16497112282518037
2022-12-13,-0.012031201301767203,0.7860886971184734,1179133.04567771,,0.09872793084581628,-0.16239299513315503
2022-12-14,-0.027287797397056505,0.7646380680153884,1146957.1020230826,,0.11892448075037838,-0.1956133634955804
2022-12-15,-0.01238857959062897,0.7551652884517549,1132747.9326776324,,0.11734686741740712,-0.1930184204829156
2022-12-16,-0.00924952756578858,0.7481803662994937,1122270.5494492406,,0.1151561226037228,-0.18941496593040183
2022-12-19,-0.005679295609988195,0.7439312288296897,1115896.8432445345,,0.11216586396653798,-0.1844964281655054
2022-12-20,0.015700483532427534,0.7556113088371887,1133416.963255783,0.24219828812037036,0.11169725753721872,-0.18372563918062684
2022-12-21,-0.02392308850284207,0.7375347526221283,1106302.1289331925,0.2432711879524819,0.1087034624039065,-0.1788012843972486
2022-12-22,-0.006183075179214143,0.7329745197993826,1099461.7796990739,0.24230931651960907,0.10632170590969778,-0.17488364358923414
2022-12-23,3.6697288889624074e-05,0.7330014179770844,1099502.1269656266,0.24230681488172642,0.10308271739777382,-0.16955598158774188
2022-12-26,-0.02102789624559834,0.7175879402119858,1076381.9103179786,0.24290792108266726,0.09996906435583676,-0.1644344780886432
2022-12-27,-0.002436194975092816,0.7158397560778541,1073759.6341167812,0.24288380741334317,0.09692442909764218,-0.15942649874145753
2022-12-28,0.012139184886791254,0.7245294672261988,1086794.2008392983,0.24305068048056575,0.09433402534559993,-0.15516566373464213
2022-12-29,-0.0043092424552610455,0.72140729408594,1082110.9411289098,0.24301081696000126,0.09224107883747709,-0.15172307307974087
2022-12-30,0.0052788347632074075,0.7252154839883922,1087823.2259825883,0.24254096186976898,0.09004397094886697,-0.1481091522003568
2023-01-02,0.005186135026236959,0.7289765494114738,1093464.8241172107,0.24261641495510441,0.09369566131372269,-0.15411564834149347
2023-01-03,0.012271002798034504,0.7379218226890036,1106882.7340335054,0.24296554400367448,0.09252203306100767,-0.15218520165332247
2023-01-04,-0.007188835489035582,0.7326170241019231,1098925.5361528846,0.24263594504208225,0.08981803290081307,-0.14773751718254902
2023-01-05,0.009623694538889591,0.7396675065558703,1109501.2598338055,0.24269561729629155,0.08782162000956242,-0.1444537101974827
2023-01-06,0.020168757423562535,0.754585681069687,1131878.5216045305,0.2434528962877948,0.09091524489133698,-0.1495422703046969
2023-01-09,0.0034295281235463978,0.7571735538845409,1135760.3308268113,0.24241153469381127,0.08823938438253624,-0.1451408714415798
2023-01-10,0.0053300661326420775,0.7612093390006331,1141814.0085009497,0.2420621978849678,0.08887939037801734,-0.1461935876245176
2023-01-11,0.0064866961389887755,0.7661470726808907,1149220.609021336,0.24185927437197766,0.08662662508884492,-0.14248811846795195
2023-01-12,0.011688927534319266,0.7751025102940884,1162653.7654411325,0.2416478160732121,0.0867845409953464,-0.14274786701951422
2023-01-13,0.0022937610991644822,0.7768804102800657,1165320.6154200986,0.24163777467035188,0.08436636026134739,-0.1387703136685718
2023-01-16,0.014999883940170438,0.7885335262696587,1182800.289404488,0.24207803207177897,0.08240151688787654,-0.1355384339193267
2023-01-17,-0.004941835123638471,0.7846367235933728,1176955.0853900593,0.24046793231956617,0.08091188686572975,-0.13308821057458275
2023-01-18,-0.020625271230136768,0.7684533783521336,1152680.0675282003,0.24119909474462586,0.08535274184398962,-0.140392766992339
2023-01-19,0.020330540685553917,0.7840764510256729,1176114.6765385093,0.2419760087909291,0.08360906685992929,-0.1375246768705828
2023-01-20,0.02750920721410105,0.805645772588635,1208468.6588829525,0.2414487561851864,0.08292912863996686,-0.13640627802337468
2023-01-23,0.0004178913319456828,0.8059824449736185,1208973.6674604276,0.2414469717396811,0.0804086237794684,-0.13226041646183498
2023-01-24,-0.0036608800578471845,0.8030318399138396,1204547.7598707594,0.24126391193009922,0.07866655551712229,-0.12939496916211793
2023-01-25,0.016364146149925974,0.8161727703052337,1224259.1554578505,0.24181196546823974,0.08421587419776681,-0.13852278612108562
2023-01-26,0.011902724589554653,0.8258874500076707,1238831.175011506,0.2403890332610636,0.08240932673597509,-0.13555127997629754
2023-01-27,-0.02074134247220298,0.8087574355635673,1213136.1533453509,0.241008071529325,0.08150649948203664,-0.13406626129314625
2023-01-30,0.005031645763266378,0.8128268164877309,1219240.2247315964,0.23986124783911558,0.07904514253396462,-0.13001768938988778
2023-01-31,0.023765470757624012,0.8321440284259827,1248216.042638974,0.24105693688467505,0.08041220192207872,-0.1322663019826853
2023-02-01,0.021271105302805828,0.8498446516817328,1274766.9775225993,0.24001462270854598,0.09037146823215726,-0.1486478372945936
2023-02-02,-0.0048896858434055975,0.8456891783193108,1268533.7674789662,0.24005848420165538,0.08791695831694718,-0.14461052775817196
2023-02-03,-0.00011045779176708506,0.8455957653601524,1268393.6480402285,0.2385517333667029,0.08576994362723696,-0.141079002858684
2023-02-06,0.0148672500221969,0.8581674490214727,1287251.1735322091,0.23867672338825335,0.08392066279694065,-0.13803720657771928
2023-02-07,0.0041941574392776225,0.861766738411932,1292650.107617898,0.23865225977830784,0.08153642565635401,-0.13411548546951294
2023-02-08,0.0015443359823233394,0.8630975957944309,1294646.3936916464,0.2385645958957305,0.079062394794182,-0.13004606683267944
2023-02-09,-0.017428444641684412,0.8480551471257568,1272082.7206886353,0.23869417510895516,0.08013799076688735,-0.13181526476951824
2023-02-10,0.008366888708990616,0.8551507301608448,1282726.0952412672,0.23867121292676916,0.07885919203030342,-0.1297118280295072
2023-02-13,0.016112265745177046,0.8689291459773785,1303393.7189660678,0.23856874279833015,0.07765923855185931,-0.12773808019831537
2023-02-14,0.002432884425789198,0.8710431501637412,1306564.7252456117,0.23850271896051217,0.07536607053950353,-0.12396615447598286
2023-02-15,-0.012105289837192836,0.8604989203703076,1290748.3805554614,0.23858661665786618,0.07372910252402805,-0.12127358169852447
2023-02-16,-0.012175974977074065,0.8500215070480795,1275032.2605721194,0.23847626622475931,0.07195532619025441,-0.1183559792625162
2023-02-17,0.0006960221776982345,0.8506131408685054,1275919.711302758,0.23842476389272046,0.06977267402000453,-0.1147658359239072
2023-02-20,-0.015868423532776517,0.8371152512866586,1255672.876929988,0.23831518978601057,0.07306995523990883,-0.12018938089754576
2023-02-21,-0.00017276692406056394,0.8369706254596097,1255455.9381894146,0.2365839627667226,0.07140233108062748,-0.11744638325075991
2023-02-22,0.04236040323579288,0.8724250386505925,1308637.5579758887,0.2400685291371052,0.07312424619097999,-0.12027868156532578
2023-02-23,-0.010610572540874899,0.8631681094915148,1294752.1642372722,0.23882618334042666,0.07646617420464129,-0.12577566397960732
2023-02-24,0.004852731898446568,0.8673568329101661,1301035.2493652492,0.23887056998456416,0.07570224853069023,-0.12451911806408757
2023-02-27,-0.005753671519080417,0.862366346603771,1293549.5199056566,0.2389258677113276,0.07429448915926865,-0.12220355995612985
2023-02-28,-0.009948790522213685,0.8537868444680033,1280680.266702005,0.23853996035732372,0.07252810839884191,-0.11929812215576463
2023-03-01,0.012381086790014022,0.8643576534895339,1296536.4802343007,0.23791196374638077,0.07038410558214325,-0.11577155134652367
2023-03-02,0.013491555984412014,0.8760191831621429,1314028.7747432142,0.23554664105599712,0.07726762753432512,-0.1270939373957701
2023-03-03,-0.005421102329791552,0.8712701935273606,1306905.290291041,0.23560524484951822,0.07501924794957592,-0.12339568208103172
2023-03-06,0.0004938566773956184,0.8717004761302498,1307550.7141953746,0.23349820151554074,0.0728223645330438,-0.11978213042535933
2023-03-07,0.008097872826285827,0.8787593957285654,1318139.0935928482,0.23356803245547386,0.07139456738599367,-0.11743361310948297
2023-03-08,-0.012859828316409222,0.8674587007680646,1301188.051152097,0.23385751889049675,0.06996035665216659,-0.11507454638213475
2023-03-09,-0.02689307634678736,0.844130067700624,1266195.101550936,0.2350798671031246,0.0949449272230299,-0.15617050790344428
2023-03-10,-0.011488101280944716,0.8344326159885885,1251648.9239828829,0.23379857862882042,0.09983086339263952,-0.16420715773308006
2023-03-13,0.021321235875995326,0.8522237506167051,1278335.6259250576,0.23480118275078554,0.10014726818460612,-0.16472759730273112
2023-03-14,0.0026539773135915226,0.8544855331169458,1281728.2996754185,0.23469158307658938,0.0988207277565285,-0.16254563246830991
2023-03-15,0.020105663493494387,0.8716655317058543,1307498.2975587815,0.2354433004290771,0.09650990780467202,-0.15874467188926694
2023-03-16,-0.004469292555027322,0.8677698034345273,1301654.705151791,0.23496218036934913,0.09497529711026416,-0.15622046192261166
2023-03-17,0.002083623374635346,0.8695779088807661,1304366.8633211493,0.2349181897345259,0.09211750997635888,-0.1515198203903523
2023-03-20,0.00943958740892397,0.8777863655605154,1316679.548340773,0.23506643990817605,0.0964631254826663,-0.15866772181723862
2023-03-21,0.0028450431497338254,0.880283705646783,1320425.5584701747,0.2345197802664991,0.09367089903957315,-0.15407491802504705
2023-03-22,0.004148315832601092,0.8839354004800982,1325903.1007201474,0.23421564281276924,0.09090161003783989,-0.14951984296646928
2023-03-23,-0.0059214133734188795,0.878701253578457,1318051.8803676853,0.23248732305210298,0.0897459983218479,-0.14761903084407224
2023-03-24,0.0009680472176101242,0.8795518778820941,1319327.8168231412,0.2324875407646175,0.08826206397925969,-0.14517817605850816
2023-03-27,-0.005821154457600078,0.8744318705474702,1311647.8058212053,0.2323066244475965,0.08668476292922282,-0.14258374670556065
2023-03-28,0.013945314365592813,0.886626097873548,1329939.1468103218,0.23193930508575783,0.08534817637455573,-0.14038525746338193
2023-03-29,0.006535571948943042,0.8924207065280112,1338631.0597920169,0.2319927718912132,0.08523849780956828,-0.1402048522779635
2023-03-30,0.010146125403868222,0.901475318929453,1352212.9783941794,0.23213079270167952,0.08777740927528811,-0.14438099001086144
2023-03-31,0.0027494366096550656,0.903953868174018,1355930.802261027,0.2320376303859167,0.08531175046260402,-0.14032534216999312
2023-04-03,-0.008545377319077764,0.8962292412914311,1344343.8619371466,0.2322025921601432,0.08273470578489743,-0.13608648088505146
2023-04-04,-0.007962398314963244,0.8890931070907514,1333639.660636127,0.23221000614828602,0.08149706530853504,-0.13405074345864484
2023-04-05,-0.0014244409678329465,0.8878266464447935,1331739.9696671902,0.23219424227697266,0.0793694443293545,-0.1305511183742617
2023-04-06,2.7529267214050844e-05,0.8878510876617832,1331776.6314926748,0.23201945609751692,0.07695153121277844,-0.12657400521480802
2023-04-07,0.007904173878850645,0.8948688170371886,1342303.225555783,0.2314458017900654,0.07460727756832572,-0.12271805110523576
2023-04-10,-0.0007725849508947238,0.8941774548561207,1341266.182284181,0.23051169020181547,0.07383038944651335,-0.12144018386033717
2023-04-11,-0.013444447395309072,0.8821557331022363,1323233.5996533544,0.23091294101355683,0.07183580885995437,-0.11815939074828863
2023-04-12,-0.002132413468108821,0.8802746123359997,1320411.9185039995,0.2304410805937238,0.06982083727409108,-0.11484505742707724
2023-04-13,0.010913195286209022,0.8898812210859143,1334821.8316288714,0.23068254883813066,0.07257186047162051,-0.11937008791136115
2023-04-14,0.006383288737807844,0.8955615898624587,1343342.384793688,0.22920689060797547,0.07058795291220456,-0.11610685036671939
2023-04-17,0.0057629761415963435,0.9007226899381661,1351084.034907249,0.22860050255910047,0.06847922826181169,-0.1126383069772787
2023-04-18,-0.0007327046689838911,0.9000627262177886,1350094.089326683,0.22853023599954492,0.06778691981003755,-0.11149956090940885
2023-04-19,-0.010094016057320975,0.8909774786067501,1336466.2179101252,0.22874898894580956,0.06609722057678935,-0.10872025299714343
2023-04-20,-0.0014659222231106436,0.8896713749205695,1334507.0623808543,0.22861260949811063,0.06409329902224123,-0.10542409536001872
2023-04-21,-0.003863060904141289,0.8862345202145803,1329351.7803218705,0.22757050844926752,0.06220208009564289,-0.10231331704924417
2023-04-24,-0.010308027534275108,0.8770991903783834,1315648.7855675751,0.22657884409635537,0.062330141089483745,-0.10252395863943431
2023-04-25,-0.00038704151678659103,0.8767597165773671,1315139.5748660506,0.22425691943137838,0.06505684079871993,-0.10700898054577897
2023-04-26,0.009503963085937478,0.8850924085589553,1327638.612838433,0.22442240008373446,0.06797102451420763,-0.11180238619980183
2023-04-27,0.008474271170327506,0.8925929216398821,1338889.3824598233,0.224066825021239,0.06738007990627444,-0.1108303688181155
2023-04-28,0.013388720761683888,0.9045435990215741,1356815.3985323613,0.22428115344320387,0.0653274110016845,-0.10745402892547025
2023-05-01,-0.009631061723994316,0.8958318837873533,1343747.82568103,0.22114822814802723,0.06335241299752524,-0.10420544629510696
2023-05-02,-0.008334979596160199,0.888365143314396,1332547.714971594,0.2211536800529894,0.06278862843853042,-0.1032781032184251
2023-05-03,-0.004988759682523046,0.8839333031040704,1325899.9546561055,0.22064964167637072,0.06097203419907776,-0.10029007159496224
2023-05-04,0.017858759591090432,0.8997192554587644,1349578.8831881466,0.21986263912955586,0.062333646508911426,-0.10252972454129392
2023-05-05,0.007174759799760446,0.9061745250039004,1359261.7875058507,0.21947269053403215,0.06176230759660303,-0.10158995565916495
2023-05-08,-0.004302325183363268,0.9022758675244539,1353413.8012866809,0.21952739884796202,0.06008414168463863,-0.09882961837224398
2023-05-09,0.0043338912302297765,0.9061862329939661,1359279.3494909492,0.21955784420686084,0.05826663758225671,-0.0958400901574419
2023-05-10,-0.00024182086341029954,0.905967098256693,1358950.6473850394,0.21818258413403618,0.056952486712060185,-0.0936785043322377
2023-05-11,0.003597055425424275,0.9092259121227332,1363838.8681840997,0.21707146021561302,0.05734528549409847,-0.09432460083353551
2023-05-12,0.006158958398702248,0.9148257966905192,1372238.695035779,0.21669565783347325,0.05561463991700977,-0.09147794217909362
2023-05-15,0.003569360167993708,0.9180911394498795,1377136.7091748193,0.21408292381909136,0.05394445206830136,-0.08873072763845533
2023-05-16,0.01263175492585731,0.9296882417230115,1394532.362584517,0.21441716706707256,0.05270220547452756,-0.08668741382311837
2023-05-17,0.018831522223471012,0.947195686507918,1420793.529761877,0.21514063380540013,0.0510966834979239,-0.08404656517675155
2023-05-18,0.004010055678540809,0.9509939939492883,1426490.9909239325,0.2151603678454088,0.06674984319376764,-0.10979372167571073
2023-05-19,-0.0003806869854036128,0.9506319629125948,1425947.9443688921,0.21474012392995176,0.06479649143605785,-0.10658074395232975
2023-05-22,-0.005123294853604268,0.9457615950693329,1418642.3926039992,0.2144123989642845,0.06474815125496072,-0.10650123143012465
2023-05-23,-0.010717336695771299,0.935625549621045,1403438.3244315677,0.21469226379102616,0.07484875333657406,-0.12311524339845994
2023-05-24,0.06641019210714186,0.9977606221117288,1496640.933167593,0.22454868766243352,0.07374793918769446,-0.12130456525307581
2023-05-25,0.01478096917744211,1.0125084911136277,1518762.7366704417,0.22493707557402753,0.076797736540014,-0.1263210354895056
2023-05-26,0.0005970972898579096,1.0131130571896299,1519669.5857844448,0.22451384949149678,0.07445816745757355,-0.12247278679874993
2023-05-29,0.01039588406779388,1.0236452630797415,1535467.8946196123,0.2224215716652201,0.07347897157224387,-0.12086215289526943
2023-05-30,-0.016986627486341534,1.006256982317648,1509385.4734764718,0.2191505479404988,0.07236270605408489,-0.11902605950908476
2023-05-31,0.010957255592570964,1.0172827972647116,1525924.1958970674,0.21936310996425495,0.07026299774904168,-0.11557234668799432
2023-06-01,0.008588002395846023,1.0260192243648738,1539028.8365473107,0.2187713006872453,0.07972512310777967,-0.131136157902984
2023-06-02,0.0001969805199690655,1.0262213301651875,1539331.9952477813,0.21409034794418835,0.07765428639008913,-0.12772993461706644
2023-06-05,-0.0009663819319822241,1.025229608413501,1537844.4126202515,0.21389958240087853,0.0758725942451867,-0.12479931183041273
2023-06-06,-0.009706465173801585,1.0152782529242852,1522917.3793864278,0.21417735948343003,0.07421354703938,-0.12207042201665787
2023-06-07,3.998229809006309e-05,1.015318846082038,1522978.269123057,0.21345709402094046,0.07346205139944502,-0.1208343216876726
2023-06-08,0.006838075075244181,1.0222616725768572,1533392.5088652857,0.21324404294255594,0.07202468561203347,-0.11847006535899275
2023-06-09,0.00841915086922122,1.0308682478261042,1546302.3717391563,0.21334910525784634,0.07225810343965783,-0.11885400351935581
2023-06-12,0.013524642858649075,1.0448103727122735,1567215.5590684102,0.21170851927795767,0.07096281604072158,-0.11672344534327098
2023-06-13,0.011245991697492247,1.0565603014892495,1584840.4522338742,0.21188371403186018,0.06893306127993189,-0.11338479586316404
2023-06-14,-0.00501136124389248,1.051265496142531,1576898.2442137965,0.21162876272355144,0.06706680803702694,-0.11031508244776189
2023-06-15,0.002455602978003564,1.053846986825531,1580770.4802382963,0.21106276800646642,0.06581948105169702,-0.10826341213194753
2023-06-16,-0.0024643947525806783,1.0512498918411752,1576874.8377617628,0.209863476303665,0.06660789970986247,-0.10956024542138719
2023-06-19,0.0038150232420174355,1.0552604346117178,1582890.6519175768,0.20979706068781231,0.06505771813058826,-0.10701042362828464
2023-06-20,-0.01229209342920695,1.042289074757325,1563433.6121359875,0.2102525200930266,0.06743432767609796,-0.11091959845906375
2023-06-21,-0.0014102497711018355,1.0408191868282266,1561228.78024234,0.21006686995347768,0.06609383125907188,-0.10871467806560296
2023-06-22,-0.0043291321037774045,1.036313343072301,1554470.0146084516,0.2096532740548631,0.0641574355526061,-0.10552959056460946
2023-06-23,-0.011563329023374112,1.0243301109150433,1536495.166372565,0.2085915100594715,0.062216417819348016,-0.10233690050608278
2023-06-26,0.005914374506569458,1.0303883828093507,1545582.574214026,0.20864448758129675,0.06080353680177216,-0.10001291803987224
2023-06-27,0.0011144483092614278,1.0315366974004552,1547305.0461006828,0.20823758034901743,0.06515191640068932,-0.10716536599451292
2023-06-28,0.0008850691202344572,1.0324496786777129,1548674.5180165693,0.20818335549568195,0.06346795882809715,-0.1043955022736023
2023-06-29,0.013631837901507056,1.0465238653389104,1569785.7980083656,0.20843195999393851,0.06573299985188194,-0.10812116321676858
2023-06-30,0.001462816260685725,1.0480547374663238,1572082.1061994857,0.2084119356993967,0.06394565764023628,-0.10518124689733975
2023-07-03,0.0008045725729764386,1.0488979735630672,1573346.960344601,0.20819480963645734,0.06200319680247353,-0.1019861831431345
2023-07-04,-0.0004734573071303266,1.0484013651530497,1572602.0477295746,0.2080839852687298,0.06071424444775218,-0.09986604518750344
2023-07-05,-0.011409747080239254,1.036439370738076,1554659.0561071138,0.20793555216224144,0.07467684191184143,-0.12283247426797407
2023-07-06,-0.001285844135571583,1.0351066712513368,1552660.0068770053,0.20667963569355413,0.07354822901308576,-0.1209760712480316
2023-07-07,-0.0033316863899428015,1.0316580204425896,1547487.0306638845,0.20656396577012467,0.07131115403523199,-0.11729641035694642
2023-07-10,0.0045462074059763056,1.0363481517755606,1554522.227663341,0.20598273008770504,0.07177920047591647,-0.11806627824248804
2023-07-11,0.010886841409097046,1.047630709748552,1571446.064622828,0.20608910951364734,0.07191292847904772,-0.11828624123346344
2023-07-12,0.014307859356286572,1.062620062600961,1593930.0939014414,0.2063787896035922,0.07458232751240043,-0.1226770119152544
2023-07-13,-0.0037194754819456174,1.0586676733314933,1588001.5099972398,0.20475899946508677,0.07239404674339339,-0.11907761035556502
2023-07-14,0.004223452670364305,1.0631389061434535,1594708.3592151804,0.20472505159948298,0.07058419703730323,-0.11610067250226556
2023-07-17,0.009648844248549424,1.0733969678634048,1610095.4517951072,0.20479915807568766,0.06868592669439744,-0.11297829564380255
2023-07-18,0.002105691447874259,1.075657210678809,1613485.8160182133,0.20480036415480438,0.06993469267392628,-0.11503233289444419
2023-07-19,-0.007855645382967015,1.0672072290780847,1600810.843617127,0.20498386074554653,0.06854199341648694,-0.11274154646959245
2023-07-20,-0.009029571466829436,1.0575708051332071,1586356.2076998106,0.20480414986589068,0.06655844306268427,-0.10947889647589926
2023-07-21,0.004177153953802958,1.0619884412032958,1592982.6618049438,0.20479969266344272,0.06488691014665429,-0.10672946949639858
2023-07-24,0.013522702175739289,1.0763493946077658,1614524.0919116486,0.20515379110051066,0.0655713340270663,-0.10785524659846647
2023-07-25,-0.0042611293560115195,1.0717629306050773,1607644.395907616,0.20462362262603606,0.06533462460486014,-0.10746589424681709
2023-07-26,0.014591525229877448,1.0874015864474487,1631102.379671173,0.2038868663314737,0.0733311852648598,-0.12061906605155497
2023-07-27,0.002598826300018778,1.0902275542889903,1635341.3314334855,0.20319648241346525,0.07110273219081559,-0.1169535869302222
2023-07-28,0.0030132337883232757,1.093512664792535,1640268.9971888026,0.20320336337122233,0.06999697364464792,-0.11513477597502574
2023-07-31,-0.0014986347407284742,1.0918738887236505,1637810.8330854757,0.20236732825924825,0.0680423601023657,-0.11191972280071434
2023-08-01,-0.021341882887605315,1.0685712440624762,1602856.8660937143,0.20346622000257972,0.07377694136359399,-0.12135226958729364
2023-08-02,-0.0034161236021955158,1.0649208726150068,1597381.3089225101,0.20349334136688968,0.07470472963621072,-0.12287834549255032
2023-08-03,-0.0020613062765333923,1.062725744536274,1594088.6168044112,0.20294871918380247,0.07279877373429086,-0.11974332701446788
2023-08-04,0.007247251111305846,1.0704275848693778,1605641.3773040667,0.20281819104576818,0.07135050374536535,-0.11736113487037877
2023-08-07,-0.005577305307035645,1.0644574834194886,1596686.225129233,0.2021440474743907,0.06952245774666954,-0.11435426677918985
2023-08-08,-0.01463680498438395,1.0488772268205095,1573315.8402307644,0.2019350372569869,0.06740487540436448,-0.11087115378308098
2023-08-09,-0.0004886467949232803,1.0483646963253557,1572547.0444880335,0.20189838218049877,0.06600438895246334,-0.108567558563175
2023-08-10,-0.013478923502318338,1.034233868781055,1551350.8031715825,0.20241365681810464,0.0674438701694278,-0.1109352944638275
2023-08-11,0.021798049390409305,1.0567781497339785,1585167.2246009677,0.20284909776422258,0.06544128040936817,-0.10764132743369755
2023-08-14,0.00035347576589120854,1.0571516951998328,1585727.5427997492,0.19970423998788145,0.06344767378717953,-0.10436213635047607
2023-08-15,-0.005096071753781863,1.0517643743064622,1577646.5614596934,0.19833244039872308,0.0661507182335308,-0.10880824881186801
2023-08-16,-0.005306158911102853,1.0461835453993553,1569275.318099033,0.19814441834760904,0.06717482245305356,-0.11049275035172633
2023-08-17,-0.005385182822347777,1.0405496557416478,1560824.4836124717,0.19769720353651,0.0684487458278072,-0.1125881678351481
2023-08-18,0.02515196403572352,1.0667215232602463,1600082.2848903695,0.19731584496182114,0.06740768998489301,-0.11087578335607168
2023-08-21,-0.0020243358037853637,1.064562120688042,1596843.181032063,0.19728351527049293,0.06773815424621953,-0.11141934869489244
2023-08-22,0.011712673467331413,1.077030989193351,1615546.4837900265,0.1974773310823094,0.06954816044174743,-0.11439654395041114
2023-08-23,0.0024179712862101455,1.079635219199579,1619452.8287993686,0.19745720580223575,0.06744509040130155,-0.11093730156665076
2023-08-24,-0.008253087995933613,1.0707248947320158,1606087.3420980237,0.19770034424244795,0.06566583060682231,-0.10801067964041265
2023-08-25,0.008923296158786925,1.0802792900722955,1620418.9351084433,0.19759163595461485,0.06531083920082896,-0.10742677073872789
2023-08-28,0.01405964569883919,1.0954676341465055,1643201.4512197583,0.1975476385289642,0.06683375358215231,-0.10993174198238416
2023-08-29,0.002483396389737791,1.0981881145142194,1647282.1717713291,0.1974914967568052,0.06533033426472235,-0.10745883726528058
2023-08-30,0.008213476435347918,1.107208056714361,1660812.0850715414,0.19441859887152724,0.0656477728337621,-0.1079809772468999
2023-08-31,-0.0019509262772107313,1.1050479754221776,1657571.9631332664,0.1942552367673795,0.06364787740876454,-0.10469144200356902
2023-09-01,0.00048740170208479226,1.1055865776862837,1658379.8665294254,0.19409327279885547,0.0619388514603129,-0.10188034447370416
2023-09-04,0.0027012054837498613,1.10857299421269,1662859.4913190352,0.19383802163389383,0.06022009909783521,-0.09905324841645131
2023-09-05,-0.010383750554125446,1.0970618487697454,1645592.7731546182,0.19418123787780395,0.059411006164182614,-0.09772240896999203
2023-09-06,-0.008744390297660278,1.08746871178343,1631203.067675145,0.19425921867726917,0.05893797755799421,-0.09694434615145123
2023-09-07,-0.004056935718233303,1.0830569211241348,1624585.3816862023,0.19424070608971358,0.05715280378428483,-0.0940079965950267
2023-09-08,-0.002812369852800632,1.0800109644902982,1620016.4467354473,0.19253061730983628,0.055620021794243406,-0.09148679457938118
2023-09-11,-0.0002116043722909142,1.07978242944809,1619673.644172135,0.1924306187367716,0.05394199392612673,-0.08872668435438383
2023-09-12,0.0007372804495799135,1.080578531923122,1620867.7978846831,0.1923828123376419,0.05357681078088861,-0.08812601153343735
2023-09-13,0.010684982578194425,1.0921244947110915,1638186.7420666374,0.19253583784387648,0.061709651721233855,-0.10150334445158365
2023-09-14,-0.01287795638872088,1.0780601630971482,1617090.2446457224,0.19308572335652638,0.059857310787620514,-0.09845651474857907
2023-09-15,-0.00460340786701849,1.0730974124612276,1609646.1186918414,0.19124844513917388,0.06714665794090079,-0.11044642385176051
2023-09-18,-0.0052985017770043,1.067411603914403,1601117.4058716046,0.19135909695531425,0.06557542257907642,-0.1078619716680693
2023-09-19,-0.008902746289992826,1.0579087092177588,1586863.0638266383,0.1914269550350226,0.0642841272393875,-0.10573797984511646
2023-09-20,-0.013960490787916086,1.0431397844282682,1564709.6766424023,0.1904676327457162,0.07236023561160025,-0.11902199599280373
2023-09-21,0.002922408546403402,1.0461882650493748,1569282.3975740622,0.19039568795461406,0.07054877989138617,-0.11604241648134761
2023-09-22,0.006243318158042379,1.0527199512412884,1579079.9268619325,0.19045422069263443,0.06859553245142702,-0.11282961034539714
2023-09-25,-0.005709308832087003,1.0467096479259523,1570064.4718889284,0.1869977363368725,0.06882415043276036,-0.11320565346117958
2023-09-26,0.008193306523961353,1.0552856609129975,1582928.491369496,0.1866612871461078,0.06703258076725052,-0.1102587835989295
2023-09-27,0.0018380608625672569,1.0572253401851501,1585838.0102777253,0.18586237627469898,0.0657081550403786,-0.10808029713845638
2023-09-28,0.006990660507791223,1.0646160436186185,1596924.0654279278,0.18593457257941268,0.06860093639275139,-0.11283849903788434
2023-09-29,0.009086519213552644,1.0742896977540155,1611434.5466310233,0.1860557358521095,0.06846810118768379,-0.11262000456904206
2023-10-02,-0.011422034334497838,1.062019123941072,1593028.685911608,0.18630405398788055,0.06968961390760009,-0.11462921419676375
2023-10-03,-0.0029288966894406784,1.0589085796448383,1588362.8694672575,0.18590615782951228,0.06957808845545081,-0.1144457711522986
2023-10-04,0.0033499772448463863,1.0624558992910211,1593683.8489365317,0.18578488479057545,0.06834367103119815,-0.11241533517484452
2023-10-05,0.00772705925729429,1.0706655589831047,1605998.338474657,0.18588133968182102,0.06635688606227398,-0.10914736471273694
2023-10-06,0.0024981412771232715,1.0733402328099946,1610010.3492149918,0.18588094087996362,0.06666263587036564,-0.10965027839351621
2023-10-09,0.006815528179499165,1.0806556134129015,1620983.4201193522,0.18593567861732424,0.06905984077179232,-0.11359332957017375
2023-10-10,0.009187152549525552,1.090583761386827,1635875.6420802404,0.18598333304483022,0.0692633884617978,-0.11392813572633685
2023-10-11,0.004809458192855159,1.0958288783930235,1643743.3175895351,0.18517955549853632,0.06772221535538453,-0.1113931315524929
2023-10-12,-0.011453456038129731,1.083277850509036,1624916.7757635538,0.18499032669122337,0.0663395496966924,-0.10911884892893191
2023-10-13,0.0015877791361430741,1.0849978564787202,1627496.7847180802,0.1847771530333826,0.06582266811474417,-0.10826865438415996
2023-10-16,-0.01662351477460044,1.0669613785811363,1600442.0678717045,0.1849168451510471,0.0662157540535993,-0.10891522321638943
2023-10-17,-0.013770651258697534,1.0522686255301963,1578402.9382952945,0.18553114536253465,0.06581844968074609,-0.10826171567769816
2023-10-18,-0.009267431325303208,1.042516798307324,1563775.197460986,0.18584107828324595,0.06627736095393255,-0.10901655754984783
2023-10-19,-0.0135165550387484,1.0284255626241834,1542638.343936275,0.18609669425717865,0.07070339094776132,-0.11629672903819308
2023-10-20,0.0023456336803293477,1.0308378722615863,1546256.8083923794,0.18609570085894236,0.07345612157012393,-0.1208245679864066
2023-10-23,0.012822517012967645,1.0440558084162719,1566083.7126244078,0.1861845177492167,0.07630481952186678,-0.12551025914442007
2023-10-24,-0.01617054962316325,1.0271728521569248,1540759.278235387,0.18701230593926088,0.07598808184263486,-0.12498927202394325
2023-10-25,-0.014109085576357813,1.0126803824841313,1519020.573726197,0.18750877771964528,0.07423954828362837,-0.12211319025756505
2023-10-26,-0.004763754434816847,1.0078562218210205,1511784.3327315308,0.18655362541400008,0.07304632457697711,-0.12015051191591525
2023-10-27,0.004574238207359861,1.0124663962583997,1518699.5943875995,0.17985642982128344,0.070936166249805,-0.11667961033802436
2023-10-30,0.003002171263362749,1.0155059937783673,1523258.9906675508,0.17981952139118984,0.0727882753356119,-0.1197260586853236
2023-10-31,0.013232560417532076,1.0289437381954054,1543415.607293108,0.18020548391883945,0.07057085093425172,-0.11607872011625561
2023-11-01,0.017212720710060275,1.0466546593873283,1569981.9890809923,0.18069431232140562,0.09770650989488658,-0.16071290717737408
2023-11-02,0.008608854003692382,1.055665156542278,1583497.734813417,0.17943977552302623,0.09532851060790175,-0.15680144642528906
2023-11-03,0.005942824047270864,1.0619387888204435,1592908.1832306653,0.17930447542395547,0.09243746895983002,-0.15204610608479052
2023-11-06,0.006626675360493555,1.0689759124266722,1603463.8686400084,0.17937750665233101,0.09076237554039286,-0.14929082259834675
2023-11-07,0.003557608187022332,1.0727789098844511,1609168.3648266767,0.17938932658599083,0.08832525838861181,-0.14528212161193407
2023-11-08,0.003443492738396908,1.0764730162705436,1614709.5244058154,0.17909389171083073,0.0856569076974522,-0.1408930752996017
2023-11-09,0.008651474130026074,1.0857860947224793,1628679.142083719,0.17903841561358017,0.08309629806357212,-0.13668124725610717
2023-11-10,0.0038869058873256643,1.0900064430864325,1635009.6646296487,0.17905508402932518,0.08062982142846535,-0.13262425421706076
2023-11-13,0.00690346182639938,1.097531260956809,1646296.8914352136,0.17900057232621905,0.08466201717472094,-0.13925662601486755
2023-11-14,0.00010850046489771872,1.0976503436088627,1646475.515413294,0.17856076671486834,0.08264481549416151,-0.13593862451430677
2023-11-15,0.002521074508574936,1.1004176019094634,1650626.402864195,0.17851146636601534,0.08020844274217609,-0.1319311479565978
2023-11-16,-0.000738769726912391,1.0996046466982112,1649406.9700473167,0.17635543590383285,0.07825367246224756,-0.12871583697180042
2023-11-17,0.006561498185395389,1.1068197005921738,1660229.5508882608,0.17642138093012744,0.07617219920058613,-0.1252921181279541
2023-11-20,-0.0017942946851190566,1.1048337398860162,1657250.6098290242,0.17616336161484,0.0742024331342919,-0.12205214126956411
2023-11-21,-0.0008822053661873904,1.1038590496319438,1655788.5744479157,0.17605191054150096,0.07381644287419956,-0.12141724379028328
2023-11-22,0.0009169788781627163,1.104871265064925,1657306.8975973877,0.1750571970875253,0.0715881346543676,-0.11775200293292691
2023-11-23,-0.0081941036074921,1.0958178354460422,1643726.7531690632,0.17522624301682574,0.06954479822338294,-0.11439101359333971
2023-11-24,0.0027910934109065806,1.0988763653861096,1648314.5480791642,0.1742657253750373,0.06746910640995755,-0.11097680438559349
2023-11-27,-0.006611083203231236,1.0916116023044777,1637417.4034567166,0.1744278244728394,0.06644720096889101,-0.10929591951445373
2023-11-28,0.006708397685364666,1.0989345670506943,1648401.8505760415,0.1743737090366293,0.06779302466253129,-0.11150960249817518
2023-11-29,-0.0023489745085714508,1.0963531977661043,1644529.7966491564,0.17369666152159066,0.06708046085826107,-0.11033753934028696
2023-11-30,0.004930805334587764,1.1017591019622417,1652638.6529433625,0.1732140200986254,0.07012758816629582,-0.1153496177446908
2023-12-01,-0.006450758709579287,1.0946519198394005,1641977.8797591007,0.17098831191621613,0.06805219683023667,-0.11193590277823025
2023-12-04,0.008737375956928977,1.1042163052050114,1656324.457807517,0.17057230457608352,0.06623183761598765,-0.10894167832231823
2023-12-05,-0.0029465498598117753,1.1009626768057077,1651444.0152085614,0.17028727547876427,0.06621725563000298,-0.10891769308978318
2023-12-06,0.004671352408130099,1.1061056614572653,1659158.492185898,0.170158129523514,0.06423884684335934,-0.10566350022147973
2023-12-07,0.011981966508344894,1.119358982447537,1679038.4736713055,0.16988988178919442,0.06388222141788596,-0.10507690359692673
2023-12-08,-0.0015762086911734006,1.1175946390908602,1676391.9586362904,0.16797592911613846,0.06320241140310523,-0.10395871562847671
2023-12-11,0.0046618443310128535,1.1228046913234764,1684207.0369852146,0.16781457560272334,0.061279454247620206,-0.10079573257680488
2023-12-12,0.005105507972117321,1.1285371796261592,1692805.7694392388,0.16783919986164753,0.061713446359641606,-0.1015095860763316
2023-12-13,-0.0046806388924668,1.123254904611606,1684882.356917409,0.16639989143331174,0.060027980732814526,-0.09873724182694305
2023-12-14,0.010199709513724294,1.1347117783485106,1702067.667522766,0.16655403146531395,0.059814620823765374,-0.09838629600669752
2023-12-15,0.005878283402521431,1.1413819357618222,1712072.9036427333,0.16628445687531998,0.058016703068450415,-0.09542898446590725
2023-12-18,-0.0027280120280279542,1.1382682321124902,1707402.3481687352,0.16623307588715486,0.056564970133348796,-0.09304109628224046
2023-12-19,-0.007676540601189146,1.129530269813635,1694295.4047204524,0.16647066937735916,0.05485023084157954,-0.0902206011388976
2023-12-20,0.0031409904631752783,1.1330781136189871,1699617.1704284807,0.16644163822020294,0.05319596667323323,-0.08749957872165731
2023-12-21,0.0004548848675469672,1.133593533706621,1700390.3005599314,0.16611484906880347,0.051879482053399095,-0.0853341542198973
2023-12-22,0.002133113765543105,1.1360116176779014,1704017.426516852,0.16587209651788837,0.05029902399810411,-0.08273453205540067
2023-12-26,-0.0017121932633299291,1.1340665462390487,1701099.819358573,0.16572230545834032,0.04728108117187779,-0.07777045785175014
2023-12-27,0.0033038911617999174,1.1378133786780609,1706720.0680170914,0.1646955055482582,0.04655332700379312,-0.07657340876884701
2023-12-28,0.0010109565761371162,1.1389636585956522,1708445.4878934782,0.16468753146325307,0.045572235792767285,-0.07495965733202095
2023-12-29,0.0,1.1389636585956522,1708445.4878934782,0.1646550020295513,0.04418392175157255,-0.07267608394601414
2024-01-01,-0.006007566354350649,1.1321212588414449,1698181.8882621673,0.16476079497102655,0.04517901786521418,-0.07431287139770289
2024-01-02,-0.007436639154754435,1.1237020815600147,1685553.1223400221,0.16469549255488758,0.050058767097108756,-0.08233934462039834
2024-01-03,-0.0006136290760562946,1.1230125452899444,1684518.8179349166,0.1647075820865524,0.050318333816136054,-0.0827662938796263
2024-01-04,0.006380284333252837,1.1301776846387042,1695266.5269580563,0.1642239790539804,0.04897382395305027,-0.0805547719548576
2024-01-05,0.0208963330168289,1.1537942539051032,1730691.3808576546,0.16523870933355803,0.05074517017312717,-0.08346837720953788
2024-01-08,0.008241023572235075,1.1633026995490443,1744954.0493235665,0.16385890966090755,0.049862204842036344,-0.08201602848222073
2024-01-09,0.006792615186250097,1.1712045671322069,1756806.8506983104,0.16286973856996637,0.048734827519476706,-0.08016165780426567
2024-01-10,0.004583078954925192,1.176572290135743,1764858.4352036144,0.1608152029641509,0.04964803072064147,-0.08166374340184523
2024-01-11,0.0020189310975768987,1.1789477085208453,1768421.562781268,0.16081181061554808,0.04893585929451035,-0.08049232564856225
2024-01-12,-0.002747925775554403,1.17570804772457,1763562.071586855,0.16078463640653926,0.04792603312147875,-0.0788313094052607
2024-01-15,0.011746484853130922,1.1895184844988709,1784277.7267483063,0.16042381042614384,0.04661422449846662,-0.07667357623383297
2024-01-16,-0.0077158813754888405,1.1803403009785263,1770510.4514677895,0.16035183628311767,0.053860253681907284,-0.08859223361721157
2024-01-17,0.012085972502318902,1.1946058613995314,1791908.792099297,0.15914257990243416,0.05834766539157619,-0.09597336904348497
2024-01-18,0.014279348431379386,1.2116640547326234,1817496.082098935,0.15961086318508447,0.05791742033067258,-0.09526567889457971
2024-01-19,0.005636959990524978,1.2184941565311085,1827741.2347966628,0.15810978108564347,0.059869281384897235,-0.09847620462892646
2024-01-22,0.0047686014721154985,1.2243046695597068,1836457.0043395602,0.15690121941451246,0.058147428322038654,-0.09564400837340602
2024-01-23,0.009503259717200906,1.2359395548075145,1853909.3322112716,0.15697306414547954,0.05761145865269212,-0.0947624167188454
2024-01-24,0.0065761317893560794,1.2440672562036068,1866100.8843054103,0.1570442330380029,0.058475165407190666,-0.09618308790660482
2024-01-25,-0.003364107867346606,1.2398820797595038,1859823.1196392558,0.15655322741991315,0.05720258216631021,-0.09408987474724494
2024-01-26,0.012228742056337177,1.2550442778931576,1882566.4168397365,0.15689736605472465,0.06044775325195779,-0.0994277061775504
2024-01-29,0.0010920250810546712,1.256414817722451,1884622.2265836764,0.15689800879301952,0.058607037248060746,-0.09639999778235274
2024-01-30,-0.011891556431451459,1.2414740900161927,1862211.1350242891,0.15632261617264584,0.057135198945628324,-0.09397903921231067
2024-01-31,0.005306063630415993,1.2480614305333315,1872092.1457999973,0.15621876233502607,0.05560963185362658,-0.09146970464787378
2024-02-01,0.02321185263669629,1.2770312485404154,1915546.8728106231,0.15704239397321929,0.05533225011409235,-0.09101345228755081
2024-02-02,0.015390119224495983,1.2966849117088595,1945027.3675632891,0.15764663803965148,0.053776744725867756,-0.08845487360798703
2024-02-05,-0.003410705190886673,1.2922623017495496,1938393.4526243245,0.15712505511735927,0.05223767072491387,-0.08592332215537131
2024-02-06,0.007932038359870663,1.3025125758980418,1953768.8638470627,0.15663281370804252,0.05126029828248991,-0.08431568754856783
2024-02-07,-6.709122402069612e-05,1.3024251887350224,1953637.7831025338,0.15663979399156874,0.04989730515019029,-0.08207376335139485
2024-02-08,0.011150548990412137,1.3169479446083592,1975421.9169125387,0.15591899838816284,0.04838227977833955,-0.07958176837358268
2024-02-09,0.003972360131452179,1.3221793361187193,1983269.0041780788,0.15592018128993343,0.04765303600827835,-0.07838226911346574
2024-02-12,-0.004908213133861077,1.3156897981358617,1973534.6972037926,0.15067092035518387,0.05157378832923211,-0.08483133278896493
2024-02-13,0.010159922712312718,1.3290571047983006,1993585.657197451,0.1504018101622534,0.05344313232064704,-0.08790613003326372
2024-02-14,-0.0033016104523659485,1.3246690759693074,1987003.613953961,0.15045442745220713,0.05328044222273826,-0.08763852863564937
2024-02-15,0.0005560204002252109,1.325405618999094,1988108.428498641,0.15027168599582158,0.051657443162280034,-0.08496893274451583
2024-02-16,-0.0003405118007554393,1.3249543027450372,1987431.4541175559,0.14982712951054958,0.05032188017875971,-0.08277212712705029
2024-02-19,-0.019299021525530716,1.2993839811360162,1949075.9717040244,0.15092392181079714,0.05202079060165275,-0.08556658609801157
2024-02-20,-0.009796957452475405,1.2866539715583984,1929980.9573375976,0.1508883071439049,0.050842431871277155,-0.08362835846650334
2024-02-21,0.052999647450876604,1.3548461784422638,2032269.2676633957,0.1592482831729384,0.06632158887109621,-0.10908930599980698
2024-02-22,0.0034948925408648177,1.359581220245321,2039371.8303679815,0.15925179019814914,0.06559705877443804,-0.10789756004248328
2024-02-23,-0.0027351503996579413,1.3558625611273996,2033793.8416910993,0.15919113987301597,0.06471211109852745,-0.10644195064809948
2024-02-26,-0.0014521968415569133,1.3538935817985451,2030840.3726978176,0.15854587520628083,0.06287977585473933,-0.10342802737656359
2024-02-27,-0.004634020629690837,1.3476196110100847,2021429.416515127,0.15604178468411298,0.061087016025298466,-0.10047919986885487
2024-02-28,0.008704787645483903,1.3593503535508171,2039025.5303262258,0.15560759037039623,0.06065265091724218,-0.09976473284544732
2024-02-29,0.012814640123216934,1.3767699391329387,2065154.908699408,0.15477666074212182,0.059616429616083544,-0.09806030047991217
2024-03-01,0.011375989772896914,1.3924320598801467,2088648.0898202201,0.15506186882557052,0.0579836407573313,-0.09537460180354758
2024-03-04,-0.0018117728233925559,1.3899092893156355,2084863.9339734532,0.15403617869829098,0.05698444189208545,-0.09373106592600215
2024-03-05,0.009389984741890739,1.4029605163349217,2104440.7745023826,0.15408434187578365,0.05561382513161209,-0.09147660197637707
2024-03-06,0.015614082700646003,1.424866457862716,2137299.686794074,0.1546886018335422,0.0613502273360078,-0.10091214394792977
2024-03-07,-0.015406761712516977,1.4029138798742669,2104370.8198114005,0.15548360534681868,0.05948440554138209,-0.09784314020179456
2024-03-08,-0.010589658296328623,1.3880575012672218,2082086.2519008326,0.15598208225906296,0.06098897001757305,-0.10031792853743961
2024-03-11,0.025855496356275667,1.4239464169335374,2135919.625400306,0.15780212772577037,0.06241177107020725,-0.10265822800929535
2024-03-12,-0.004463339957143368,1.4175908599940068,2126386.28999101,0.15773589882536865,0.06051114707154706,-0.09953197973162813
2024-03-13,-0.006874460973475484,1.4078456869506226,2111768.530425934,0.1579796036280678,0.058697893317524036,-0.09654944271773998
2024-03-14,-0.003257224567787165,1.4032600173914338,2104890.026087151,0.15787428462870684,0.05766474890276,-0.0948500713799507
2024-03-15,0.004905848841920069,1.4101441989226662,2115216.298383999,0.15744162114215743,0.056401455309630734,-0.09277213833138746
2024-03-18,0.0015872498859585873,1.4123824501415914,2118573.675212387,0.15737282449907591,0.054683749589299155,-0.08994676384726479
2024-03-19,0.006078928030513753,1.4209682214075627,2131452.332111344,0.15721060248574034,0.05471954905606043,-0.09000564873001
2024-03-20,0.010654373690519121,1.4361077478407913,2154161.621761187,0.15745427179640387,0.05898622717165979,-0.09702370970348807
2024-03-21,0.009655923188938738,1.449974693944982,2174962.040917473,0.15729543483103586,0.05740069607943294,-0.09441574313579441
2024-03-22,0.0004858144402553449,1.4506791125893053,2176018.668883958,0.15698699639289948,0.05595167691055078,-0.09203231870033637
2024-03-25,-0.006103377572293338,1.4418250702289335,2162737.6053434,0.15715888520625027,0.0542660414978114,-0.08925969517797416
2024-03-26,-0.0065974487490661725,1.4323127032229792,2148469.0548344688,0.15738075588389586,0.053415759704280176,-0.08786110608595353
2024-03-27,0.004628444342710057,1.4389420828512034,2158413.124276805,0.15729035381132495,0.05271010085392798,-0.08670040056656132
2024-03-28,2.300173527083996e-05,1.4389751810160634,2158462.771524095,0.15727861588006983,0.05110433877797462,-0.08405915699190832
2024-03-29,0.0015933685793561006,1.4412679988559676,2161901.9982839515,0.15651905699795812,0.049547494702829396,-0.08149837636830777
2024-04-01,-0.008419515414480373,1.4291332207232024,2143699.8310848037,0.15681161905864396,0.05430956949146499,-0.0893312923562092
2024-04-02,-0.004095889964183722,1.4232796483069605,2134919.472460441,0.15667071977125904,0.053263362787803734,-0.08761043546515104
2024-04-03,-0.01047295843994656,1.40837369970182,2112560.54955273,0.15709408728808819,0.051735374673960444,-0.08509711867415716
2024-04-04,0.004088312679665695,1.4141315717560183,2121197.3576340275,0.15706109192585602,0.0510569742052558,-0.08398124920268275
2024-04-05,-0.0018364528585654515,1.4115345857886792,2117301.878683019,0.15708311867347308,0.04968510664817931,-0.08172472787572843
2024-04-08,-0.007131726952570994,1.4014679065387239,2102201.859808086,0.15688506350295628,0.048171955574001446,-0.07923581584324145
2024-04-09,0.009116899222155733,1.414244948205723,2121367.4223085847,0.15701756922597473,0.047668577023266226,-0.07840783180833505
2024-04-10,0.013395761783692955,1.4331898366356783,2149784.7549535176,0.15733099218937469,0.04697017024501832,-0.0772590548860465
2024-04-11,-0.004707470415626953,1.4264431378797386,2139664.706819608,0.15699194616570566,0.046428334259292346,-0.07636781399971229
2024-04-12,-0.008848826166180058,1.4138207905167004,2120731.1857750504,0.1573476677596705,0.04656925708957074,-0.07659961142821599
2024-04-15,-0.005789712613494305,1.4056351744526254,2108452.7616789383,0.15735340431608066,0.06839124185127476,-0.11249358221078459
2024-04-16,-0.014020362202371852,1.3859276601824053,2078891.490273608,0.15801424137367764,0.06633030521883207,-0.10910364311599408
2024-04-17,-0.00011437501165216155,1.385769144690123,2078653.7170351846,0.15759606512514016,0.06598447655943533,-0.10853480559128159
2024-04-18,-0.03416094250285247,1.3384299646161366,2007644.946924205,0.16124035745932103,0.06611521526026114,-0.10874985161751784
2024-04-19,0.013769544812457991,1.356859535992255,2035289.3039883827,0.16138179225383048,0.06581801424310267,-0.10826099944651107
2024-04-22,0.014676449565841633,1.3767734165401766,2065160.124810265,0.1617571534347078,0.06664788094755529,-0.10962600870521623
2024-04-23,-0.007091083726070266,1.3670106009716625,2050515.9014574937,0.16119525251567357,0.06513264845813833,-0.10713367304932404
2024-04-24,-0.00015550406921932373,1.3667980252605456,2050197.0378908184,0.16111250112156325,0.07718554954611885,-0.12695893111917614
2024-04-25,0.029861692662424177,1.4076129278224843,2111419.3917337265,0.16344363191409308,0.08870354144340745,-0.14590434186662896
2024-04-26,-0.0008631209206034725,1.4063979876563688,2109596.9814845533,0.16344595947342175,0.08600128801263977,-0.1414595305100887
2024-04-29,-0.004130324639810778,1.4005891073945713,2100883.661091857,0.1635409089852124,0.08371470489546906,-0.13769843597648443
2024-04-30,-0.011215626099461664,1.384880623647055,2077320.9354705825,0.16404595395987007,0.08116441773637215,-0.1335035868930761
2024-05-01,0.004934760695239192,1.3917146781162268,2087572.0171743403,0.16401728969972595,0.07878457227469503,-0.1295890894538525
2024-05-02,0.015410548427031488,1.4131617645599475,2119742.6468399214,0.16457789214871454,0.0799252711214466,-0.13146537208919118
2024-05-03,0.013219371581864493,1.4318428750309486,2147764.312546423,0.1646178868268258,0.07827175585161947,-0.1287455815003964
2024-05-06,-0.0013691461387111163,1.4298824728873591,2144823.709331039,0.16375283069687815,0.07794642576671294,-0.12821046113028145
2024-05-07,0.000741778228000021,1.4309431285743457,2146414.6928615184,0.16373891709951308,0.07604783555875771,-0.12508755814063174
2024-05-08,-0.0050912742458329475,1.4236578046765833,2135486.707014875,0.16386600546206842,0.07373111184591219,-0.1212768867389133
2024-05-09,0.00695701821035039,1.433562217949026,2150343.326923539,0.1638094842756963,0.07199659898217743,-0.1184238669640052
2024-05-10,-6.445570870001745e-05,1.4334698166803024,2150204.7250204533,0.16334418603378523,0.06993215695979871,-0.11502816201586454
2024-05-13,0.0019811991722570267,1.4363098058945647,2154464.7088418473,0.149889306344768,0.06781709410681168,-0.11154919321089848
2024-05-14,0.012917514622892205,1.4548633588152111,2182295.038222817,0.14973492780049732,0.07000911464341054,-0.11515474614087524
2024-05-15,0.0008325697775991563,1.4560746340782968,2184111.9511174452,0.1497337133484621,0.068079369907831,-0.11198059851346673
2024-05-16,-0.00730878055313744,1.4454325041088287,2168148.756163243,0.1497225317524082,0.06664182683148041,-0.10961605057043249
2024-05-17,0.007722490364748268,1.4565948426947033,2184892.264042055,0.1487091656377747,0.0646116482992271,-0.10627670404829659
2024-05-20,0.0024968866694565126,1.4602317949402268,2190347.69241034,0.1484100443110571,0.06283916420966873,-0.10336122716487274
2024-05-21,0.00039420808651194643,1.4608074301219742,2191211.145182961,0.14824206988850397,0.06104475745510999,-0.10040969070641058
2024-05-22,0.02598525100229956,1.4987668778597178,2248150.316789577,0.15025331628515762,0.05926589130619652,-0.09748371626950905
2024-05-23,0.004253382187891645,1.5051417062018082,2257712.5593027123,0.1502562672577286,0.05796474497138706,-0.0953435210015031
2024-05-24,0.0011530448933885294,1.5068772021599703,2260315.8032399556,0.14982990916952238,0.05750643016560133,-0.09458966023092089
2024-05-27,0.01704037831306805,1.5325549597561139,2298832.439634171,0.15061321556582682,0.057244117650893246,-0.09415819453970853
2024-05-28,0.0008345650165811197,1.533833976511514,2300750.964767271,0.15052641165668937,0.05850995243745235,-0.09624030747950162
2024-05-29,-0.014182098416254897,1.512080992102432,2268121.488153648,0.15120213908031035,0.05695297689389757,-0.0936793106096108
2024-05-30,-0.005290758453706656,1.504080936810777,2256121.4052161654,0.15087846439115205,0.05524609150774512,-0.09087173399140748
2024-05-31,0.016120182432324187,1.528326995905148,2292490.493857722,0.1512730539567142,0.05604712246492269,-0.0921893126666214
2024-06-03,0.0019084076094253392,1.5312436667738236,2296865.5001607356,0.1511317120283588,0.054421784441672894,-0.08951586952405685
2024-06-04,0.021412658209618206,1.5640316640460938,2346047.4960691407,0.15243056349769615,0.05601503745904931,-0.09213653752833982
2024-06-05,-0.0007768323224513333,1.5628166736961255,2344225.0105441883,0.15239457270272844,0.05697342776956546,-0.09371294930662746
2024-06-06,0.0035948573880143298,1.568434776761674,2352652.165142511,0.15239154841709623,0.05524597164122881,-0.09087153682853337
2024-06-07,0.0038619207966924776,1.5744919476443058,2361737.9214664586,0.15176590551296315,0.05361851025010704,-0.08819460105662325
2024-06-10,-0.0023681864123107623,1.5707632572076018,2356144.8858114025,0.15178853291152772,0.05206529500249301,-0.08563978932314897
2024-06-11,0.011735693485588224,1.5891972533326142,2383795.8799989214,0.15200001281024655,0.054747811056614665,-0.09005213558412653
2024-06-12,0.01223668170208954,1.6086437542834804,2412965.6314252205,0.15177125584270793,0.053797698244900286,-0.08848933907976507
2024-06-13,0.00346838126614205,1.6142231441447337,2421334.7162171006,0.15172500070824074,0.053046047721184764,-0.08725298398963162
2024-06-14,-0.003969218687104698,1.6078159394758376,2411723.909213756,0.15183413999879147,0.05262641558689741,-0.08656275055156368
2024-06-17,0.013868480367275334,1.6301139032666505,2445170.854899976,0.15230926269318287,0.05401113158444498,-0.08884040568242753
2024-06-18,0.00013309860707456478,1.6303308691565483,2445496.3037348227,0.15185928008339303,0.05237265016423644,-0.08614534357570491
2024-06-19,-0.005470626483696582,1.6214119379265526,2432117.906889829,0.15203319413631045,0.05240864717128006,-0.0862045533833
2024-06-20,-0.010638627994652167,1.604162339492864,2406243.509239296,0.15253661294162538,0.05099307518896842,-0.08387614467398383
2024-06-21,-0.020877022444023664,1.5706722063274139,2356008.3094911207,0.1541886080764577,0.04944413491088787,-0.08132836463965182
2024-06-24,0.018920085468184744,1.600389458713631,2400584.1880704463,0.15459151978059832,0.048054190771114225,-0.07904210998008518
2024-06-25,0.0024728321691327264,1.604346953250279,2406520.4298754185,0.15456255452943232,0.04660599534736249,-0.07666004048479262
2024-06-26,-0.005387156891421033,1.5957040845048465,2393556.1267572697,0.15464454874833738,0.04519647654508764,-0.07434158837061454
2024-06-27,-0.00030094890291352167,1.59522385911124,2392835.78866686,0.15463344079227057,0.04435632782233189,-0.0729596666968111
2024-06-28,-0.0006384048776659907,1.5942054604186142,2391308.1906279214,0.15437978139419894,0.04333676652789981,-0.07128263760376516
2024-07-01,-0.004400071267058834,1.5871908427784378,2380786.2641676567,0.15398060794590346,0.04236227307473487,-0.06967973851288634
2024-07-02,0.013182329984069487,1.6081137162156365,2412170.574323455,0.15431722178089016,0.04432370164082955,-0.0729060014038334
2024-07-03,0.0015891799379704839,1.6106692982714217,2416003.9474071325,0.15429657869404048,0.043843409357038204,-0.0721159908988424
2024-07-04,-0.0051042228251340326,1.6024480832754422,2403672.1249131635,0.15423850003692482,0.04320171436531638,-0.07106049656431215
2024-07-05,0.007213982569036622,1.6140081158159776,2421012.1737239663,0.15433860609233377,0.04262168942080976,-0.07010644043061812
2024-07-08,0.006269609519638213,1.6241273164636707,2436190.974695506,0.15411061079998944,0.04330263911983314,-0.07122650301282824
2024-07-09,0.010466258943856258,1.6411258535155697,2461688.7802733546,0.1539791249489835,0.043190688869605115,-0.07104236123770255
2024-07-10,-0.015342630705997075,1.6159466656030161,2423919.9984045243,0.15490997337030776,0.04495830824351656,-0.07394983637595048
2024-07-11,0.004376224737691166,1.6230184113758175,2434527.6170637263,0.15447940965688733,0.04433050301894351,-0.0729171886752924
2024-07-12,-0.003174208077792972,1.6178666132240216,2426799.919836032,0.15444127387141574,0.04349243127399681,-0.07153868332597128
2024-07-15,-0.0023154547586510684,1.6141205162755694,2421180.774413354,0.15394708470530083,0.04240811420913901,-0.06975514046907455
2024-07-16,-0.0283949822324,1.5682875928949722,2352431.3893424585,0.15684103882515288,0.05084860437728236,-0.08363851133539338
2024-07-17,0.0034846625699002415,1.5737525459687725,2360628.818953159,0.1568463370232233,0.05114023667006274,-0.08411820376990936
2024-07-18,-0.012105561375403867,1.5547013879338494,2332052.081900774,0.15740718633551062,0.05601621172460391,-0.09213846902329631
2024-07-19,0.018582479667541122,1.583591594864228,2375387.392296342,0.15666415203488862,0.057252079288647506,-0.0941712902684451
2024-07-22,0.0012655588813822339,1.5855957232715905,2378393.5849073855,0.15658327152724133,0.056817349195319854,-0.09345622289769016
2024-07-23,-0.02737345324156663,1.5421924928805877,2313288.7393208817,0.15920613637389847,0.06246988914760203,-0.1027538237396896
2024-07-24,-0.012046216198857169,1.5236149086910937,2285422.3630366405,0.1596787062201484,0.06970662767572293,-0.11465719935496871
2024-07-25,0.006768696944431986,1.5339277962680422,2300891.6944020633,0.1596103120521145,0.07064265527236437,-0.11619682774223106
2024-07-26,0.0007524313164791094,1.535081971579172,2302622.957368758,0.15878791524958455,0.07134181438621671,-0.11734684214646726
2024-07-29,-0.020057707347469547,1.5042917466388603,2256437.6199582904,0.16024086288681497,0.06957639907654554,-0.11444299237127899
2024-07-30,0.03959171312011558,1.5638492339207437,2345773.8508811155,0.16400933828511036,0.07204571334499776,-0.11850465290182564
2024-07-31,-0.021195904971863237,1.5307020341682385,2296053.0512523577,0.16435341422452732,0.06987190883654633,-0.11492906267181584
2024-08-01,-0.035925202275294464,1.4757112539675397,2213566.8809513096,0.16856301673716612,0.12652799284112262,-0.20812002793561044
2024-08-02,-0.039900593959803624,1.4168294984210683,2125244.2476316025,0.17342857479278176,0.1632415356882498,-0.2685084320459459
2024-08-05,0.018237416764819832,1.442668808468464,2164003.212702696,0.17413267620163064,0.1647186697926391,-0.2709381014350443
2024-08-06,-0.005697230791248762,1.4344495913112834,2151674.386966925,0.17414504748261272,0.16222898931671825,-0.2668429414742756
2024-08-07,0.016985583543191973,1.4588145546829987,2188221.832024498,0.17321268445194887,0.15730380797960458,-0.2587417390885305
2024-08-08,0.003608613655341251,1.4640788528056383,2196118.2792084576,0.17319566572080203,0.1544571543279871,-0.2540594105049928
2024-08-09,0.011424273454661009,1.4808048899792763,2221207.3349689143,0.17317853807548955,0.14975640976857096,-0.2463273737670648
2024-08-12,0.022011827377563707,1.5134001115973525,2270100.167396029,0.17440696704356431,0.1476516289913028,-0.2428653174716375
2024-08-13,0.005123661740161509,1.5211542618467002,2281731.39277005,0.1741763876272864,0.14320118156904152,-0.23554498288757422
2024-08-14,0.015194636917316696,1.5442676485506897,2316401.4728260343,0.17455886998330286,0.13883869641163304,-0.22836933335388893
2024-08-15,0.013366285171611493,1.564908770322512,2347363.155483768,0.1745100703321085,0.1452105755861441,-0.23885014192458
2024-08-16,0.012477421552062653,1.584434796740346,2376652.195110519,0.17485380750835225,0.14105707075162738,-0.23201823443296468
2024-08-19,-0.006739099029246906,1.5737571337397283,2360635.7006095923,0.1749181156470114,0.13683594024191173,-0.2250750926042234
2024-08-20,0.0026730400241130616,1.577963849546448,2366945.774319672,0.17488879128603105,0.13267300039927582,-0.21822766590528292
2024-08-21,-0.008296793239292735,1.5648718097476828,2347307.7146215243,0.17515898969328805,0.1286808275780019,-0.21166112596079342
2024-08-22,0.00941750441225171,1.57960899692059,2369413.495380885,0.17533621046848769,0.12477626570879655,-0.20523869320857457
2024-08-23,-0.006118869163247673,1.569943576139344,2354915.3642090163,0.17509851670907997,0.12097568442106232,-0.19898729329292106
2024-08-26,0.003647103145977213,1.5756693222948888,2363503.983442333,0.1748100277353161,0.1172949052905478,-0.19293295039008695
2024-08-27,-0.0033707203425371542,1.5703581816571177,2355537.2724856767,0.17478934299508098,0.11394452938514857,-0.1874220724304402
2024-08-28,-0.01404651822215444,1.5483001168431618,2322450.1752647427,0.1754297646483644,0.11152025866469768,-0.1834345019431943
2024-08-29,0.007518997818309553,1.5599417820437937,2339912.673065691,0.1755247397319449,0.10949092609134209,-0.1800965468996196
2024-08-30,0.0008612527839122216,1.56128528624632,2341927.92936948,0.17552422723920177,0.10627771333032002,-0.17481128223548567
2024-09-02,-0.0344306145135389,1.5075292744099127,2261293.9116148693,0.1789248787997981,0.10432358085172631,-0.17159702034052715
2024-09-03,-0.015176133093188722,1.4846508094995896,2226976.2142493846,0.17912291810542388,0.10882922156672555,-0.17900813981233388
2024-09-04,0.0002732814558454607,1.485056537034232,2227584.805551348,0.17902698264514602,0.10580243344755985,-0.17402951639651054
2024-09-05,-0.017121060241928786,1.4596307946009985,2189446.191901498,0.179856459442003,0.10364700185581642,-0.1704841469251856
2024-09-06,0.013084105020015401,1.4787287572080066,2218093.1358120097,0.17994732431364227,0.10076032333245798,-0.16573598328619654
2024-09-09,0.007071282217611556,1.4891852655735223,2233777.8983602836,0.17937376339637512,0.09793207490979029,-0.1610839286102518
2024-09-10,0.02355509767539392,1.5242631699608642,2286394.7549412963,0.18072224016241234,0.09525485750915907,-0.15668029785868595
2024-09-11,0.010964679739141607,1.540976227457654,2311464.341186481,0.18090668103202792,0.09359404697320906,-0.15394850762494935
2024-09-12,0.003452771401582333,1.546296866106338,2319445.2991595073,0.1807681054936075,0.09292071499283516,-0.15284097507488895
2024-09-13,-0.007704808211513358,1.5343829453149247,2301574.417972387,0.18088624580020646,0.09009059580967356,-0.14818584327176063
2024-09-16,-1.5961409893311667e-05,1.5343584543998012,2301537.6815997018,0.18089279442307668,0.08736574010475795,-0.14370385448261078
2024-09-17,-0.007802730704183211,1.5223862685764327,2283579.402864649,0.18105040496664382,0.08534988014038021,-0.14038805990877778
2024-09-18,0.018506205220650215,1.550559861287808,2325839.791931712,0.1816913784056664,0.09169158048641274,-0.1508192287239888
2024-09-19,-0.00902999833718287,1.5365583083186765,2304837.4624780146,0.18153596015894657,0.09074540867865105,-0.14926291459427277
2024-09-20,0.005054220612497398,1.544324412992885,2316486.6194893275,0.1815145412548622,0.08830851102073156,-0.14525457464313435
2024-09-23,0.011803163090040179,1.5625523259033707,2343828.488855056,0.18179468205615187,0.08584678583992095,-0.14120539705092022
2024-09-24,0.007732705552765187,1.57463508295037,2361952.6244255546,0.18179487328888844,0.08323472742895237,-0.13690894329982947
2024-09-25,0.007347561500986863,1.5862048110639593,2379307.216595939,0.18188366061373418,0.08809674688116888,-0.14490625363011642
2024-09-26,-0.00519548484963499,1.5779637079996585,2366945.5619994877,0.18193553705763288,0.08543296098510855,-0.1405247157375594
2024-09-27,-0.002001527447449342,1.5748053703270182,2362208.0554905273,0.18180915087458485,0.0834532859841844,-0.13726844013210415
2024-09-30,-0.008551918081649627,1.5613377638054395,2342006.645708159,0.18205756490211775,0.0809127667645432,-0.1330896578793374
2024-10-01,0.004898110092013732,1.5689853680633772,2353478.052095066,0.1816258946163502,0.07970745175385767,-0.13110709111239224
2024-10-02,0.008370445969065308,1.5821184753130055,2373177.7129695085,0.18175442875565306,0.07752734358413246,-0.12752113228227321
2024-10-03,0.012482168574427584,1.6018667448265789,2402800.1172398683,0.18115994487521567,0.07658555026162399,-0.12597202011990646
2024-10-04,0.004508989282498619,1.6090895448109928,2413634.317216489,0.18051594354415373,0.07458057840615899,-0.12267413489150925
2024-10-07,0.010654659423017344,1.6262338458920917,2439350.7688381374,0.18039434367287974,0.07234571459003447,-0.11899811103781423
2024-10-08,0.0048927305436772695,1.6341905699010497,2451285.8548515746,0.17976018252590076,0.07098077782648989,-0.1167529898517385
2024-10-09,0.007515178202716049,1.6464718032510544,2469707.7048765817,0.17984726620324287,0.06890820997600469,-0.11334391910576493
2024-10-10,0.0021740263472428962,1.6500512763313147,2475076.9144969718,0.17951433059402033,0.06819702220943914,-0.11217411932848606
2024-10-11,0.012950445988104603,1.6714201762630465,2507130.2643945697,0.1789353204224769,0.06884527927999914,-0.11324040732219362
2024-10-14,-0.016085175615978012,1.6445350891997665,2466802.63379965,0.17912471066110486,0.06695760081277205,-0.11013545254885694
2024-10-15,0.006125717017183368,1.6546090457810327,2481913.568671549,0.17904352310037824,0.06727362147299416,-0.11065526027801488
2024-10-16,0.008483928051682917,1.6686466298791027,2502969.944818654,0.17914190766492555,0.06805111680395583,-0.11193412629308501
2024-10-17,0.0005979454220694139,1.6696443894924906,2504466.584238736,0.17914518396689214,0.06597948549985343,-0.10852659602882596
2024-10-18,0.012586979382615606,1.6906601689993326,2535990.253498999,0.17910584219999798,0.06416170582136678,-0.10553661453166852
2024-10-21,-0.002203129893800556,1.6869354250407522,2530403.1375611285,0.17850542704995412,0.0643379514678175,-0.10582651282246738
2024-10-22,-0.008563707408106773,1.672489003644333,2508733.5054664994,0.17868905578605657,0.06318502587519112,-0.10393011897983072
2024-10-23,-0.002249980240435333,1.6687259364337879,2503088.9046506817,0.17869034521316007,0.06132857155872542,-0.1008765233641224
2024-10-24,0.003952120464588974,1.6753209423569582,2512981.413535437,0.17863869647229286,0.05980078206751836,-0.09836353327829213
2024-10-25,-0.0012821911275855372,1.6731728607088099,2509759.2910632147,0.1786577427721409,0.05876878663796975,-0.09666605185300174
2024-10-28,0.0025608130131067664,1.67745754354369,2516186.315315535,0.17865191161757318,0.05711380708412732,-0.09394385273133349
2024-10-29,-0.010150273075630954,1.6604308914039445,2490646.337105917,0.17891976919778046,0.05861099818775024,-0.09640651294836713
2024-10-30,-0.02518458347876726,1.6186136310086578,2427920.446512987,0.18092183007575097,0.0753920067188599,-0.12400881569466644
2024-10-31,0.007896998363635952,1.631395820204092,2447093.730306138,0.18095360309483474,0.07309526236914998,-0.12023100742086579
2024-11-01,0.0016037001463045726,1.6340120899196338,2451018.134879451,0.1809470850251775,0.07335600866371297,-0.12065989690919189
2024-11-04,0.009199011111884352,1.6490433852917576,2473565.0779376365,0.1811027139590855,0.07112977318166414,-0.1169980654020958
2024-11-05,0.02867637892534033,1.6963319782727102,2544497.9674090655,0.1830876740946406,0.08314551704339454,-0.13676220527358293
2024-11-06,0.008332258326583148,1.7104662545233225,2565699.381784984,0.18314258063322955,0.0822743459255132,-0.13532925630064047
2024-11-07,0.0025541893617401796,1.7148351092342415,2572252.663851362,0.18310863905901473,0.08008651326727416,-0.13173059181757307
2024-11-08,0.0007476940668907014,1.7161172812711118,2574175.9219066678,0.18309181258075638,0.08068214756942578,-0.13271032305980388
2024-11-11,0.0055753821449589566,1.7256852909197662,2588527.936379649,0.18312803604203773,0.07855285157629532,-0.12920794282265002
2024-11-12,-0.00411276714785713,1.7185879491477312,2577881.9237215966,0.1829489716776645,0.0791953173212825,-0.13026470493348424
2024-11-13,0.0033829006209571983,1.7244017613880724,2586602.6420821087,0.18295297412692804,0.07766366720862523,-0.12774536469045933
2024-11-14,-0.01627705519921691,1.696333578732332,2544500.368098498,0.18365607675184664,0.07895145934849138,-0.12986359426247773
2024-11-15,-0.008599214190400838,1.6817464429504434,2522619.664425665,0.18388458943272848,0.07904309805017792,-0.130014326513316
2024-11-18,0.013181387027214346,1.7039141936966142,2555871.2905449215,0.18419202527881307,0.07663765798294606,-0.12605772969431525
2024-11-19,0.001883953613197663,1.7071242889984077,2560686.4334976114,0.1841655320360731,0.07559460296042403,-0.12434205685740994
2024-11-20,0.007706871082385384,1.7202808758153272,2580421.313722991,0.184072410234646,0.07402272744925215,-0.12175655172174267
2024-11-21,0.0006435551882113815,1.7213879714981388,2582081.9572472083,0.1839468098210602,0.0851628475043307,-0.14008041859901346
2024-11-22,-0.012764308355909476,1.699415644629783,2549123.4669446745,0.18446405108419675,0.0826019841764649,-0.1358681732660464
2024-11-25,0.0016921722144096773,1.7022913485643585,2553437.0228465376,0.18444140785894794,0.08008862835095994,-0.13173407082064495
2024-11-26,-0.010842391931762545,1.6838344385811752,2525751.6578717628,0.18458601929051396,0.07899199001827327,-0.12993026128167126
2024-11-27,0.0014408950335105272,1.6862606672609808,2529391.0008914713,0.18455709287053518,0.07692125327326267,-0.1265242024361789
2024-11-28,0.008449557808868384,1.7005088242498234,2550763.236374735,0.18465694465808405,0.07494755115352734,-0.12327775134601043
2024-11-29,0.009621880467790906,1.716870916891179,2575306.3753367686,0.18479535749209167,0.07967541256502281,-0.13105439133643265
2024-12-02,0.0024203106750708588,1.7210262778990495,2581539.4168485743,0.18468428999132716,0.07767659546551389,-0.12776662978069278
2024-12-03,0.014810843939083154,1.7465161295160734,2619774.1942741103,0.18495316769733908,0.07835379232762739,-0.12888051949550033
2024-12-04,-0.0023480919150746992,1.7424151491128093,2613622.7236692137,0.1849531183394184,0.07675232043886522,-0.12624633265080906
2024-12-05,-0.0032784083156421648,1.736702800798657,2605054.2011979856,0.18496730885172466,0.07489253076830273,-0.12318725086581744
2024-12-06,-0.007163959648347812,1.7242611320125627,2586391.6980188442,0.18494180300775498,0.07262006391806114,-0.11944937552507058
2024-12-09,-0.007162557059327727,1.7119110132693416,2567866.5199040123,0.18515075957697397,0.0704434720213909,-0.11586920044943935
2024-12-10,0.011546802458847578,1.7316781115666884,2597517.1673500324,0.1854075382606663,0.06922051693316342,-0.11385761833696963
2024-12-11,-0.004564541656443757,1.7237737946908904,2585660.692036336,0.18551460900633715,0.06711523852328616,-0.11039474350874039
2024-12-12,-0.008799026198764775,1.708606263910661,2562909.3958659912,0.1857815701991893,0.06737263897684106,-0.11081812957834913
2024-12-13,-0.006030260426192801,1.6983029231734554,2547454.3847601833,0.18593488380991166,0.06533496041270762,-0.10746644660157297
2024-12-16,-0.004663444609934101,1.6903829815603468,2535574.4723405205,0.18604129270950343,0.06370090481441294,-0.1047786643240776
2024-12-17,-0.004425631759551173,1.6829019689513487,2524352.9534270233,0.18613299175969558,0.06396283831707146,-0.10520950659594558
2024-12-18,-0.0006387964030743604,1.6818269372268557,2522740.4058402837,0.18598951412531028,0.06729850985071607,-0.1106961980163797
2024-12-19,0.002521553192037085,1.686067753308874,2529101.629963311,0.18576804968828842,0.07047628185960352,-0.11592316783082307
2024-12-20,0.016620425467424548,1.7140909167357719,2571136.3751036576,0.18635294761118287,0.07192091450253847,-0.11829937707316712
2024-12-23,0.0024952443242398097,1.718367992366988,2577551.988550482,0.1862964795371944,0.06973615417761687,-0.11470576612870016
2024-12-24,-0.0012187664047862727,1.716273703186831,2574410.554780246,0.18532259475089916,0.06761170958718625,-0.11121136573887291
2024-12-26,-0.00495776823181041,1.7077648159440797,2561647.2239161194,0.18532095343235297,0.06461744542982899,-0.10628623947959302
2024-12-27,-0.0046194128117871235,1.6998759452737884,2549813.9179106825,0.1853508274984147,0.06690532605293024,-0.11004946822053312
2024-12-30,-0.0014058393478912567,1.6974861927833886,2546229.289175083,0.1853490983478733,0.06674947599254051,-0.10979311768344047
